replay_id,turn,rating,p1_total_hp,p2_total_hp,hp_difference,p1_fainted,p2_fainted,fainted_difference,has_weather,has_terrain,has_trick_room,p1_active_count,p2_active_count,p1_win
gen9vgc2025regj-2483610072,1,1593,2.0,2.93,-0.4650000000000001,0,0,0,1,0,1,2,2,0
gen9vgc2025regj-2483610072,3,1593,3.59,3.04,0.2749999999999999,0,0,0,1,0,1,2,2,0
gen9vgc2025regj-2483610072,5,1593,3.05,2.02,0.5149999999999999,0,2,2,0,0,0,2,2,0
gen9vgc2025regj-2483610072,7,1593,2.42,2.02,0.19999999999999996,2,3,1,0,1,0,2,2,0
gen9vgc2025regj-2483680144,1,1079,1.19,2.23,-0.52,0,0,0,0,0,0,2,2,0
gen9vgc2025regj-2483679657,1,1337,2.32,2.21,0.05499999999999994,0,0,0,0,0,1,2,2,0
gen9vgc2025regj-2483679657,3,1337,2.44,3.05,-0.30499999999999994,1,0,-1,1,0,1,2,2,0
gen9vgc2025regj-2483678864,1,1105,2.0,2.0,0.0,0,0,0,0,0,0,2,2,0
gen9vgc2025regj-2483678864,3,1105,3.0,1.9100000000000001,0.5449999999999999,2,1,-1,1,1,0,2,2,0
gen9vgc2025regj-2483676975,1,1301,2.0,2.42,-0.20999999999999996,0,0,0,0,0,0,2,2,0
gen9vgc2025regj-2483676975,3,1301,1.72,1.9,-0.08999999999999997,0,0,0,0,0,0,2,2,0
gen9vgc2025regj-2483676975,5,1301,2.0,1.52,0.24,1,0,-1,0,0,0,2,2,0
gen9vgc2025regj-2483676975,7,1301,1.8599999999999999,2.01,-0.07499999999999996,1,1,0,1,0,0,2,2,0
gen9vgc2025regj-2483676975,9,1301,1.69,3.0,-0.655,1,2,1,1,1,0,2,2,0
gen9vgc2025regj-2483676975,11,1301,1.41,2.59,-0.59,2,2,0,1,1,0,2,2,0
gen9vgc2025regj-2483676975,13,1301,0.87,1.0,-0.065,2,4,2,1,1,0,2,0,1
gen9vgc2025regj-2483678296,1,1073,1.94,1.62,0.15999999999999992,0,0,0,1,0,1,2,2,0
gen9vgc2025regj-2483678296,3,1073,3.0,2.0700000000000003,0.46499999999999986,2,2,0,1,0,1,2,2,0
gen9vgc2025regj-2483679609,1,1086,2.0,1.5699999999999998,0.21500000000000008,0,0,0,0,0,0,2,2,0
gen9vgc2025regj-2483679609,3,1086,1.6800000000000002,1.09,0.29500000000000004,0,1,1,0,0,0,2,2,0
gen9vgc2025regj-2483679609,5,1086,1.45,1.8900000000000001,-0.22000000000000008,2,3,1,1,0,0,2,1,0
gen9vgc2025regj-2483679609,7,1086,0.9,1.0,-0.04999999999999999,2,4,2,1,0,0,2,1,1
gen9vgc2025regj-2483677470,1,1118,2.4699999999999998,1.13,0.6699999999999999,0,1,1,1,0,0,2,2,0
gen9vgc2025regj-2483677470,3,1118,3.0,1.0,1.0,2,3,1,1,1,0,2,1,0
gen9vgc2025regj-2483677470,5,1118,2.7,0.0,1.35,2,4,2,1,1,0,2,0,1
gen9vgc2025regj-2483676520,1,1182,2.0,1.6400000000000001,0.17999999999999994,0,0,0,1,1,0,2,2,0
gen9vgc2025regj-2483676520,3,1182,2.3,3.0,-0.3500000000000001,0,1,1,1,1,1,2,2,0
gen9vgc2025regj-2483676520,5,1182,3.05,1.43,0.8099999999999999,1,3,2,0,1,1,2,1,0
gen9vgc2025regj-2483676520,7,1182,4.0,1.0,1.5,1,4,3,0,1,0,2,1,1
gen9vgc2025regj-2483676686,1,1439,2.55,2.0,0.2749999999999999,1,1,0,0,0,0,2,2,0
gen9vgc2025regj-2483676686,3,1439,2.21,2.01,0.10000000000000009,2,2,0,1,0,0,2,2,0
gen9vgc2025regj-2483676155,1,1225,3.0,0.99,1.005,1,0,-1,1,1,0,2,2,0
gen9vgc2025regj-2483676155,3,1225,4.87,2.74,1.065,3,1,-2,1,1,0,2,2,0
gen9vgc2025regj-2483676155,5,1225,4.05,2.0,1.025,3,2,-1,0,1,0,2,2,0
gen9vgc2025regj-2483651665,1,1449,2.0,2.0,0.0,0,0,0,0,1,0,2,2,0
gen9vgc2025regj-2483651665,3,1449,1.52,2.6,-0.54,0,0,0,0,1,0,2,2,0
gen9vgc2025regj-2483651665,5,1449,2.0,2.6,-0.30000000000000004,2,1,-1,1,1,0,2,2,0
gen9vgc2025regj-2483651665,7,1449,0.63,2.0300000000000002,-0.7000000000000002,3,1,-2,1,1,0,1,2,0
gen9vgc2025regj-2483651665,9,1449,0.02,2.19,-1.085,3,1,-2,1,1,0,1,2,0
gen9vgc2025regj-2483651528,1,1104,2.0,2.0,0.0,0,0,0,1,0,1,2,2,0
gen9vgc2025regj-2483651528,3,1104,1.92,1.01,0.45499999999999996,2,1,-1,1,0,1,2,2,0
gen9vgc2025regj-2483651528,5,1104,1.62,0.0,0.81,2,4,2,1,1,1,2,0,1
gen9vgc2025regj-2483650763,1,1440,2.0,2.66,-0.33000000000000007,0,1,1,0,1,0,2,2,0
gen9vgc2025regj-2483650763,3,1440,1.4300000000000002,1.4,0.015000000000000124,1,2,1,0,1,0,2,2,0
gen9vgc2025regj-2483650763,5,1440,0.61,0.0,0.305,3,4,1,0,1,0,1,0,1
gen9vgc2025regj-2483650331,1,1282,3.0,1.01,0.995,1,0,-1,0,0,0,2,2,0
gen9vgc2025regj-2483649727,1,1240,2.0,1.5,0.25,0,0,0,0,1,0,2,2,0
gen9vgc2025regj-2483649727,3,1240,1.5,1.6400000000000001,-0.07000000000000006,1,0,-1,0,1,0,1,2,0
gen9vgc2025regj-2483649727,5,1240,0.21,1.49,-0.64,3,1,-2,1,1,0,1,2,0
gen9vgc2025regj-2483651881,1,1018,2.3,3.0,-0.3500000000000001,0,1,1,0,1,0,2,2,0
gen9vgc2025regj-2483651881,3,1018,3.0599999999999996,3.91,-0.42500000000000027,0,1,1,0,1,0,2,2,0
gen9vgc2025regj-2483651881,5,1018,2.83,5.609999999999999,-1.3899999999999997,0,2,2,0,1,0,2,2,1
gen9vgc2025regj-2483649365,1,1202,2.88,2.0,0.43999999999999995,0,0,0,0,0,1,2,2,0
gen9vgc2025regj-2483649365,3,1202,3.64,3.92,-0.1399999999999999,1,1,0,0,0,1,2,2,0
gen9vgc2025regj-2483649365,5,1202,3.59,4.0,-0.20500000000000007,1,3,2,0,0,0,2,2,0
gen9vgc2025regj-2483648372,1,1297,1.74,1.11,0.31499999999999995,0,0,0,1,0,0,2,2,0
gen9vgc2025regj-2483648372,3,1297,2.0300000000000002,2.0,0.015000000000000124,1,1,0,1,0,0,2,2,0
gen9vgc2025regj-2483648372,5,1297,2.93,1.45,0.7400000000000001,3,1,-2,1,0,0,2,2,0
gen9vgc2025regj-2483648372,7,1297,2.0,1.75,0.125,4,2,-2,1,0,0,2,2,0
gen9vgc2025regj-2483648045,1,1362,1.37,2.0,-0.31499999999999995,0,0,0,0,1,0,2,2,0
gen9vgc2025regj-2483648045,3,1362,2.06,2.0,0.030000000000000027,0,0,0,0,1,0,2,2,0
gen9vgc2025regj-2483648045,5,1362,2.0,3.0,-0.5,2,2,0,1,1,0,2,2,0
gen9vgc2025regj-2483648045,7,1362,1.45,2.0,-0.275,2,4,2,1,1,0,2,1,1
gen9vgc2025regj-2483647266,1,1168,2.76,3.0,-0.1200000000000001,0,1,1,1,0,0,2,2,0
gen9vgc2025regj-2483647266,3,1168,1.18,1.0,0.08999999999999997,1,3,2,1,0,0,2,1,1
gen9vgc2025regj-2483612693,1,1432,1.8399999999999999,1.62,0.10999999999999988,0,0,0,0,1,0,2,2,0
gen9vgc2025regj-2483612693,3,1432,1.6800000000000002,1.52,0.08000000000000007,1,1,0,0,1,0,2,2,0
gen9vgc2025regj-2483612693,5,1432,1.6800000000000002,1.37,0.15500000000000003,2,1,-1,0,1,0,1,2,0
gen9vgc2025regj-2483612693,7,1432,1.3,1.0,0.15000000000000002,3,3,0,0,1,0,1,1,0
gen9vgc2025regj-2483611764,1,1216,2.0,2.93,-0.4650000000000001,0,0,0,0,0,0,2,2,0
gen9vgc2025regj-2483611764,3,1216,4.78,1.0,1.8900000000000001,0,2,2,0,0,1,2,1,1
gen9vgc2025regj-2483611732,1,1066,1.46,2.88,-0.71,0,0,0,1,0,0,2,2,0
gen9vgc2025regj-2483611732,3,1066,0.9200000000000002,2.41,-0.745,0,0,0,0,0,0,2,2,0
gen9vgc2025regj-2483611732,5,1066,1.76,2.88,-0.5599999999999999,1,1,0,0,0,0,2,2,0
gen9vgc2025regj-2483611732,7,1066,1.87,2.69,-0.4099999999999999,3,1,-2,0,0,0,2,2,0
gen9vgc2025regj-2483611635,1,1123,4.0,1.9100000000000001,1.045,2,1,-1,1,0,0,2,2,0
gen9vgc2025regj-2483611635,3,1123,4.0,1.01,1.495,4,2,-2,1,0,0,2,2,0
gen9vgc2025regj-2483610625,1,1273,2.0,2.0,0.0,0,0,0,0,0,0,2,2,0
gen9vgc2025regj-2483610625,3,1273,2.63,3.6799999999999997,-0.5249999999999999,0,0,0,0,0,0,2,2,0
gen9vgc2025regj-2483610625,5,1273,3.58,3.42,0.08000000000000007,0,0,0,0,0,1,2,2,0
gen9vgc2025regj-2483610072,1,1593,2.0,2.93,-0.4650000000000001,0,0,0,1,0,1,2,2,0
gen9vgc2025regj-2483610072,3,1593,3.59,3.04,0.2749999999999999,0,0,0,1,0,1,2,2,0
gen9vgc2025regj-2483610072,5,1593,3.05,2.02,0.5149999999999999,0,2,2,0,0,0,2,2,0
gen9vgc2025regj-2483610072,7,1593,2.42,2.02,0.19999999999999996,2,3,1,0,1,0,2,2,0
gen9vgc2025regj-2483609908,1,1241,2.0,2.0,0.0,0,0,0,1,0,0,2,2,0
gen9vgc2025regj-2483609908,3,1241,4.0,1.5,1.25,2,0,-2,1,1,0,2,2,0
gen9vgc2025regj-2483609908,5,1241,4.0,1.88,1.06,2,0,-2,0,1,0,2,2,0
gen9vgc2025regj-2483609908,7,1241,4.99,2.22,1.385,2,2,0,0,1,0,2,2,0
gen9vgc2025regj-2483609463,1,1323,1.99,2.0,-0.0050000000000000044,0,0,0,0,1,0,2,2,0
gen9vgc2025regj-2483609463,3,1323,1.04,2.0,-0.48,0,2,2,0,1,0,2,2,0
gen9vgc2025regj-2483609463,5,1323,2.63,2.0,0.31499999999999995,2,2,0,0,1,0,2,2,0
gen9vgc2025regj-2483609463,7,1323,3.0300000000000002,1.0,1.0150000000000001,2,4,2,0,1,0,2,1,1
gen9vgc2025regj-2483609660,1,1278,2.25,1.52,0.365,0,1,1,0,1,0,2,2,0
gen9vgc2025regj-2483609660,3,1278,2.79,1.15,0.8200000000000001,0,1,1,1,1,0,2,2,0
gen9vgc2025regj-2483609660,5,1278,2.16,2.29,-0.06499999999999995,1,1,0,1,1,0,2,2,0
gen9vgc2025regj-2483608633,1,1092,3.0,2.0,0.5,0,0,0,1,0,0,2,2,0
gen9vgc2025regj-2483608633,3,1092,4.73,2.0,1.3650000000000002,0,1,1,1,0,0,2,2,0
gen9vgc2025regj-2483608633,5,1092,3.66,2.35,0.655,0,1,1,0,0,0,2,2,0
gen9vgc2025regj-2483608633,7,1092,3.4699999999999998,2.86,0.30499999999999994,0,2,2,0,0,0,2,2,0
gen9vgc2025regj-2483608633,9,1092,3.19,1.56,0.815,2,3,1,1,0,0,2,1,0
gen9vgc2025regj-2483590598,1,1102,0.18000000000000002,1.01,-0.415,0,1,1,1,1,0,2,1,0
gen9vgc2025regj-2483590598,3,1102,1.0,2.76,-0.8799999999999999,3,1,-2,1,1,0,1,2,0
gen9vgc2025regj-2483589830,1,1493,1.72,3.06,-0.67,0,0,0,0,1,1,2,2,0
gen9vgc2025regj-2483589830,3,1493,0.7000000000000001,3.97,-1.635,0,0,0,0,1,1,2,2,0
gen9vgc2025regj-2483589830,5,1493,2.0,3.8600000000000003,-0.9300000000000002,2,0,-2,0,1,0,2,2,0
gen9vgc2025regj-2483589830,7,1493,0.23,3.0,-1.385,2,2,0,0,1,0,2,2,0
gen9vgc2025regj-2483589083,1,1120,2.0,2.0,0.0,0,1,1,0,0,0,2,2,0
gen9vgc2025regj-2483589083,3,1120,2.85,1.9100000000000001,0.47,0,1,1,0,0,0,2,2,0
gen9vgc2025regj-2483589083,5,1120,2.3200000000000003,2.94,-0.30999999999999983,0,1,1,0,1,0,2,2,0
gen9vgc2025regj-2483589083,7,1120,3.4800000000000004,2.9699999999999998,0.25500000000000034,0,1,1,0,1,0,2,2,0
gen9vgc2025regj-2483589083,9,1120,3.39,2.89,0.25,1,1,0,1,1,0,2,2,0
gen9vgc2025regj-2483589083,11,1120,1.37,2.51,-0.5699999999999998,3,1,-2,1,1,0,1,2,0
gen9vgc2025regj-2483588780,1,1232,1.01,2.0,-0.495,0,0,0,1,0,0,2,2,0
gen9vgc2025regj-2483588780,3,1232,0.19,2.01,-0.9099999999999999,0,1,1,1,1,0,2,2,0
gen9vgc2025regj-2483588780,5,1232,1.3399999999999999,3.0199999999999996,-0.8399999999999999,0,1,1,0,1,0,2,2,0
gen9vgc2025regj-2483588780,7,1232,1.0,3.07,-1.035,3,2,-1,1,1,0,1,2,0
gen9vgc2025regj-2483588527,1,1239,1.95,1.04,0.45499999999999996,0,1,1,0,0,0,2,2,0
gen9vgc2025regj-2483588527,3,1239,1.35,1.04,0.15500000000000003,0,2,2,1,0,0,2,2,0
gen9vgc2025regj-2483588527,5,1239,2.45,0.64,0.905,1,3,2,1,0,0,2,1,0
gen9vgc2025regj-2483588527,7,1239,2.45,0.0,1.225,2,4,2,1,0,0,2,0,1
gen9vgc2025regj-2483588007,1,1322,3.2800000000000002,0.96,1.1600000000000001,1,0,-1,0,1,0,2,2,0
gen9vgc2025regj-2483588007,3,1322,4.33,1.35,1.49,2,1,-1,1,1,0,2,2,0
gen9vgc2025regj-2483588007,5,1322,4.79,1.6800000000000002,1.555,2,3,1,1,1,0,2,1,0
gen9vgc2025regj-2483588007,7,1322,4.0,1.4,1.3,4,3,-1,1,1,0,2,1,0
gen9vgc2025regj-2483586992,1,1107,2.77,1.88,0.44500000000000006,0,0,0,0,0,0,2,2,0
gen9vgc2025regj-2483586992,3,1107,2.7,1.6400000000000001,0.53,0,0,0,0,0,0,2,2,0
gen9vgc2025regj-2483586992,5,1107,2.48,1.76,0.36,0,1,1,0,0,0,2,2,0
gen9vgc2025regj-2483586992,7,1107,2.3499999999999996,1.6400000000000001,0.35499999999999976,0,1,1,0,0,0,2,2,0
gen9vgc2025regj-2483586992,9,1107,2.3499999999999996,0.0,1.1749999999999998,0,3,3,0,0,0,2,0,1
gen9vgc2025regj-2483584373,1,1513,2.0,2.0,0.0,0,0,0,0,1,0,2,2,0
gen9vgc2025regj-2483584373,3,1513,3.19,4.21,-0.51,0,0,0,0,1,1,2,2,0
gen9vgc2025regj-2483584373,5,1513,2.62,3.63,-0.5049999999999999,0,0,0,0,1,1,2,2,0
gen9vgc2025regj-2483584373,7,1513,2.21,3.67,-0.73,0,0,0,0,1,1,2,2,0
gen9vgc2025regj-2483584373,9,1513,2.21,4.31,-1.0499999999999998,0,0,0,0,1,1,2,2,0
gen9vgc2025regj-2483584373,11,1513,2.21,4.55,-1.17,0,0,0,0,1,0,2,2,0
gen9vgc2025regj-2483584373,13,1513,4.0,4.32,-0.16000000000000014,1,1,0,0,1,0,2,2,0
gen9vgc2025regj-2483584373,15,1513,2.0,3.32,-0.6599999999999999,3,2,-1,0,1,0,1,2,0
gen9vgc2025regj-2483586764,1,1049,1.72,1.55,0.08499999999999996,0,1,1,1,0,0,2,2,0
gen9vgc2025regj-2483586764,3,1049,3.0,1.28,0.86,3,2,-1,1,0,0,2,2,0
gen9vgc2025regj-2483572616,1,1399,3.67,3.86,-0.09499999999999997,0,0,0,0,1,0,2,2,0
gen9vgc2025regj-2483572616,3,1399,5.33,2.75,1.29,2,1,-1,1,1,0,2,2,0
gen9vgc2025regj-2483572616,5,1399,4.0600000000000005,3.14,0.4600000000000002,3,1,-2,1,1,0,2,2,0
gen9vgc2025regj-2483572328,1,1123,3.7800000000000002,2.0,0.8900000000000001,1,0,-1,0,0,0,2,2,0
gen9vgc2025regj-2483572328,3,1123,4.29,2.0,1.145,1,0,-1,0,0,0,2,2,0
gen9vgc2025regj-2483572328,5,1123,4.41,3.0,0.7050000000000001,1,0,-1,0,0,0,2,2,0
gen9vgc2025regj-2483572328,7,1123,4.08,3.34,0.3700000000000001,1,1,0,0,0,0,2,2,0
gen9vgc2025regj-2483572328,9,1123,4.609999999999999,3.47,0.5699999999999996,2,2,0,0,0,0,2,2,0
gen9vgc2025regj-2483572328,11,1123,3.25,2.56,0.345,3,2,-1,0,0,0,1,2,0
gen9vgc2025regj-2483572328,13,1123,3.46,2.46,0.5,3,3,0,0,0,0,1,2,0
gen9vgc2025regj-2483572328,15,1123,3.46,2.46,0.5,3,3,0,0,0,0,1,2,0
gen9vgc2025regj-2483572328,17,1123,3.2,2.0,0.6000000000000001,3,4,1,0,0,0,1,1,1
gen9vgc2025regj-2483571952,1,1073,2.0,2.0,0.0,0,0,0,0,0,0,2,2,0
gen9vgc2025regj-2483571952,3,1073,2.58,2.64,-0.030000000000000027,0,0,0,1,0,1,2,2,0
gen9vgc2025regj-2483571952,5,1073,2.58,0.0,1.29,0,4,4,1,0,1,2,0,1
gen9vgc2025regj-2483571456,1,1395,2.0,1.95,0.025000000000000022,0,0,0,0,1,0,2,2,0
gen9vgc2025regj-2483571456,3,1395,3.0,3.69,-0.345,0,0,0,0,1,0,2,2,0
gen9vgc2025regj-2483571456,5,1395,4.88,4.0,0.43999999999999995,0,0,0,0,1,0,2,2,0
gen9vgc2025regj-2483571456,7,1395,5.3999999999999995,3.3,1.0499999999999998,0,0,0,0,1,0,2,2,0
gen9vgc2025regj-2483571456,9,1395,4.0,3.34,0.33000000000000007,2,0,-2,0,1,0,2,2,0
gen9vgc2025regj-2483571890,1,1059,1.88,2.0,-0.06000000000000005,0,0,0,0,0,0,2,2,0
gen9vgc2025regj-2483571228,1,1200,2.0,2.0,0.0,1,1,0,0,1,0,2,2,0
gen9vgc2025regj-2483571228,3,1200,3.0,2.56,0.21999999999999997,2,1,-1,0,1,1,2,2,0
gen9vgc2025regj-2483571228,5,1200,1.01,3.0100000000000002,-1.0,3,1,-2,0,1,1,1,2,0
gen9vgc2025regj-2483570748,1,1073,2.0,1.9,0.050000000000000044,0,0,0,0,0,0,2,2,0
gen9vgc2025regj-2483570748,3,1073,3.74,1.63,1.0550000000000002,0,0,0,0,1,0,2,2,0
gen9vgc2025regj-2483570748,5,1073,3.77,0.84,1.465,0,0,0,0,1,0,2,2,0
gen9vgc2025regj-2483570631,1,1458,2.3,2.0,0.1499999999999999,0,2,2,0,0,0,2,2,0
gen9vgc2025regj-2483570631,3,1458,3.7699999999999996,2.0,0.8849999999999998,0,2,2,0,1,0,2,2,0
gen9vgc2025regj-2483570631,5,1458,3.3,0.74,1.2799999999999998,2,3,1,0,1,0,2,1,0
gen9vgc2025regj-2483573566,1,1052,3.2800000000000002,2.88,0.20000000000000018,0,0,0,0,1,0,2,2,0
gen9vgc2025regj-2483573566,3,1052,3.2800000000000002,2.69,0.29500000000000015,0,2,2,0,1,0,2,2,0
gen9vgc2025regj-2483573566,5,1052,4.74,1.69,1.5250000000000001,1,3,2,0,1,0,2,1,1
gen9vgc2025regj-2483570830,1,1330,2.65,3.08,-0.21500000000000008,0,0,0,0,1,0,2,2,0
gen9vgc2025regj-2483570830,3,1330,2.0,2.0100000000000002,-0.0050000000000001155,2,1,-1,0,1,0,2,2,0
gen9vgc2025regj-2483570830,5,1330,2.0,1.8900000000000001,0.05499999999999994,3,3,0,1,1,0,2,1,0
gen9vgc2025regj-2483570830,7,1330,2.0,1.0,0.5,4,4,0,1,1,0,2,0,0
gen9vgc2025regj-2483544471,1,1096,1.0699999999999998,2.0,-0.4650000000000001,0,0,0,0,0,0,2,2,0
gen9vgc2025regj-2483544471,3,1096,2.2199999999999998,3.57,-0.675,1,0,-1,0,0,0,2,2,0
gen9vgc2025regj-2483544471,5,1096,0.99,2.73,-0.87,2,0,-2,0,0,0,1,2,0
gen9vgc2025regj-2483544504,1,1320,1.02,1.9100000000000001,-0.44500000000000006,0,0,0,0,0,0,2,2,0
gen9vgc2025regj-2483544504,3,1320,1.56,1.76,-0.09999999999999998,2,0,-2,0,0,0,2,2,0
gen9vgc2025regj-2483544504,5,1320,1.74,2.5,-0.38,2,1,-1,0,0,0,2,2,0
gen9vgc2025regj-2483544504,7,1320,0.0,2.1,-1.05,4,2,-2,0,0,0,0,2,0
gen9vgc2025regj-2483543431,1,1102,2.58,2.43,0.07499999999999996,0,0,0,0,1,1,2,2,0
gen9vgc2025regj-2483543431,3,1102,2.0,2.8000000000000003,-0.40000000000000013,3,0,-3,1,1,1,1,2,0
gen9vgc2025regj-2483542972,1,1106,2.95,2.0,0.4750000000000001,0,0,0,0,0,0,2,2,0
gen9vgc2025regj-2483542972,3,1106,2.89,1.35,0.77,1,0,-1,0,0,0,2,2,0
gen9vgc2025regj-2483542972,5,1106,2.52,3.0,-0.24,2,2,0,0,1,0,2,2,0
gen9vgc2025regj-2483542972,7,1106,1.46,3.0,-0.77,3,2,-1,0,1,0,1,2,0
gen9vgc2025regj-2483543506,1,1400,2.0,1.52,0.24,0,1,1,1,0,0,2,2,0
gen9vgc2025regj-2483543506,3,1400,1.74,0.91,0.415,1,1,0,0,0,0,2,2,0
gen9vgc2025regj-2483543506,5,1400,2.3200000000000003,1.0,0.6600000000000001,2,4,2,0,0,0,2,1,1
gen9vgc2025regj-2483543140,1,1233,2.0,1.3,0.35,1,0,-1,1,0,0,2,2,0
gen9vgc2025regj-2483543140,3,1233,3.8099999999999996,1.2,1.3049999999999997,2,1,-1,1,0,0,1,2,0
gen9vgc2025regj-2483543140,5,1233,3.48,1.0,1.24,2,3,1,0,0,1,1,1,0
gen9vgc2025regj-2483543140,7,1233,2.68,0.26,1.21,2,3,1,0,0,1,1,1,0
gen9vgc2025regj-2483542745,1,1555,2.0,2.57,-0.2849999999999999,0,0,0,0,0,0,2,2,0
gen9vgc2025regj-2483542745,3,1555,2.15,2.67,-0.26,0,0,0,0,0,1,2,2,0
gen9vgc2025regj-2483542745,5,1555,3.07,2.0100000000000002,0.5299999999999998,1,0,-1,0,0,1,2,2,0
gen9vgc2025regj-2483543415,1,1000,1.85,1.88,-0.014999999999999902,0,0,0,0,0,0,2,2,0
gen9vgc2025regj-2483543415,3,1000,1.75,1.76,-0.0050000000000000044,1,1,0,0,0,0,2,2,0
gen9vgc2025regj-2483543415,5,1000,1.58,1.38,0.10000000000000009,2,2,0,0,0,0,2,2,0
gen9vgc2025regj-2483543415,7,1000,0.98,0.0,0.49,2,4,2,0,0,0,2,0,1
gen9vgc2025regj-2483542395,1,1198,2.0,2.0,0.0,0,0,0,0,1,0,2,2,0
gen9vgc2025regj-2483542395,3,1198,3.51,1.6300000000000001,0.9399999999999998,1,0,-1,0,1,0,2,2,0
gen9vgc2025regj-2483542395,5,1198,3.19,2.1799999999999997,0.5050000000000001,1,1,0,0,1,0,2,2,0
gen9vgc2025regj-2483542395,7,1198,3.41,0.62,1.395,1,2,1,0,1,0,2,1,0
gen9vgc2025regj-2483542395,9,1198,3.13,0.0,1.565,2,4,2,0,1,0,2,0,1
gen9vgc2025regj-2483540013,1,1056,2.0,2.0,0.0,1,0,-1,1,1,0,2,2,0
gen9vgc2025regj-2483540013,3,1056,1.98,3.0,-0.51,1,0,-1,1,1,0,2,2,0
gen9vgc2025regj-2483540013,5,1056,2.77,4.3100000000000005,-0.7700000000000002,1,0,-1,1,1,0,2,2,0
gen9vgc2025regj-2483540013,7,1056,2.2800000000000002,3.65,-0.6849999999999998,1,1,0,1,1,0,2,2,0
gen9vgc2025regj-2483540013,9,1056,2.0,3.8899999999999997,-0.9449999999999998,1,1,0,0,1,1,2,2,0
gen9vgc2025regj-2483540013,11,1056,2.7199999999999998,3.49,-0.38500000000000023,1,2,1,0,1,1,2,2,0
gen9vgc2025regj-2483540013,13,1056,2.17,2.81,-0.32000000000000006,1,3,2,0,1,0,2,1,0
gen9vgc2025regj-2483540013,15,1056,1.87,2.1,-0.11499999999999999,1,3,2,0,1,1,2,1,0
gen9vgc2025regj-2483519303,1,1273,1.31,2.36,-0.5249999999999999,0,0,0,0,0,0,2,2,0
gen9vgc2025regj-2483519303,3,1273,1.6099999999999999,2.84,-0.615,1,0,-1,0,0,0,2,2,0
gen9vgc2025regj-2483519303,5,1273,1.0,2.41,-0.7050000000000001,3,1,-2,1,0,0,1,2,0
gen9vgc2025regj-2483519303,7,1273,0.0,2.41,-1.205,4,1,-3,1,0,0,0,2,0
gen9vgc2025regj-2483517727,1,1075,2.0,2.0,0.0,0,0,0,1,0,0,2,2,0
gen9vgc2025regj-2483517727,3,1075,1.4,3.23,-0.915,0,1,1,1,0,0,2,2,0
gen9vgc2025regj-2483516380,1,1294,2.0,0.8899999999999999,0.555,1,0,-1,1,1,0,2,2,0
gen9vgc2025regj-2483516380,3,1294,2.0,0.77,0.615,2,1,-1,1,1,0,2,2,0
gen9vgc2025regj-2483516380,5,1294,0.14,2.1,-0.98,3,1,-2,1,1,0,1,2,0
gen9vgc2025regj-2483516380,7,1294,0.0,2.1,-1.05,4,1,-3,1,1,0,0,2,0
gen9vgc2025regj-2483516282,1,1065,1.95,2.0,-0.025000000000000022,0,0,0,0,0,0,2,2,0
gen9vgc2025regj-2483516282,3,1065,2.17,3.95,-0.8900000000000001,0,1,1,0,0,0,2,2,0
gen9vgc2025regj-2483516282,5,1065,1.56,4.359999999999999,-1.3999999999999997,1,2,1,0,0,0,2,2,0
gen9vgc2025regj-2483516282,7,1065,2.44,4.0,-0.78,2,4,2,0,0,0,2,2,1
gen9vgc2025regj-2483515628,1,1316,3.49,3.0,0.2450000000000001,0,0,0,0,0,1,2,2,0
gen9vgc2025regj-2483515628,3,1316,4.57,3.83,0.3700000000000001,1,1,0,1,1,1,2,1,0
gen9vgc2025regj-2483515393,1,1423,2.0,1.98,0.010000000000000009,0,1,1,0,0,0,2,2,0
gen9vgc2025regj-2483515393,3,1423,3.12,2.06,0.53,0,1,1,0,0,0,2,2,0
gen9vgc2025regj-2483515393,5,1423,3.0,1.99,0.505,1,2,1,0,0,0,2,2,0
gen9vgc2025regj-2483515393,7,1423,2.74,0.55,1.0950000000000002,3,3,0,0,0,0,2,1,0
gen9vgc2025regj-2483515393,9,1423,2.4,0.39,1.005,3,3,0,0,0,0,2,1,0
gen9vgc2025regj-2483515393,11,1423,2.4,0.0,1.2,3,4,1,0,0,0,2,0,1
gen9vgc2025regj-2483515066,1,1058,2.0,2.0,0.0,0,0,0,0,0,0,2,2,0
gen9vgc2025regj-2483515066,3,1058,3.58,1.9300000000000002,0.825,0,0,0,0,0,0,2,2,0
gen9vgc2025regj-2483515066,5,1058,5.5,1.53,1.9849999999999999,1,0,-1,0,0,0,2,2,0
gen9vgc2025regj-2483515066,7,1058,6.03,3.87,1.08,1,0,-1,0,0,0,2,2,0
gen9vgc2025regj-2483514992,1,1099,1.56,1.49,0.03500000000000003,0,0,0,0,0,0,2,2,0
gen9vgc2025regj-2483514992,3,1099,2.68,1.95,0.3650000000000001,0,1,1,0,1,1,2,2,0
gen9vgc2025regj-2483514992,5,1099,1.33,2.0700000000000003,-0.3700000000000001,1,1,0,0,1,1,2,2,0
gen9vgc2025regj-2483514992,7,1099,1.6800000000000002,2.6500000000000004,-0.4850000000000001,2,1,-1,0,1,0,2,2,0
gen9vgc2025regj-2483514684,1,1085,2.0,2.0,0.0,0,0,0,0,1,0,2,2,0
gen9vgc2025regj-2483514684,3,1085,1.22,3.0,-0.89,0,1,1,0,1,1,2,2,0
gen9vgc2025regj-2483514684,5,1085,2.0,3.21,-0.605,2,1,-1,0,1,1,2,2,0
gen9vgc2025regj-2483514684,7,1085,2.66,4.01,-0.6749999999999998,2,3,1,0,1,0,2,2,0
gen9vgc2025regj-2483514366,1,1442,1.1400000000000001,3.19,-1.025,0,0,0,0,0,0,2,2,0
gen9vgc2025regj-2483514366,3,1442,2.0,2.47,-0.2350000000000001,2,0,-2,0,0,0,2,2,0
gen9vgc2025regj-2483514366,5,1442,2.0,4.0,-1.0,2,2,0,0,0,0,2,2,0
gen9vgc2025regj-2483514366,7,1442,1.75,3.0,-0.625,2,3,1,0,0,0,2,1,0
gen9vgc2025regj-2483488828,1,1124,3.0,2.65,0.17500000000000004,1,0,-1,0,1,0,2,2,0
gen9vgc2025regj-2483488828,3,1124,3.0,3.4499999999999997,-0.22499999999999987,2,0,-2,0,1,0,2,2,0
gen9vgc2025regj-2483488828,5,1124,2.88,2.9999999999999996,-0.05999999999999983,3,0,-3,0,1,0,1,2,0
gen9vgc2025regj-2483486503,1,1118,2.01,1.9100000000000001,0.04999999999999982,0,0,0,0,1,0,2,2,0
gen9vgc2025regj-2483486503,3,1118,2.75,1.83,0.45999999999999996,1,1,0,0,1,0,2,2,0
gen9vgc2025regj-2483486503,5,1118,2.5300000000000002,1.6800000000000002,0.42500000000000004,1,2,1,0,1,0,2,2,0
gen9vgc2025regj-2483486503,7,1118,2.5300000000000002,1.6800000000000002,0.42500000000000004,1,2,1,0,1,0,2,2,1
gen9vgc2025regj-2483484525,1,1096,2.0,2.0,0.0,0,0,0,1,0,0,2,2,0
gen9vgc2025regj-2483484525,3,1096,3.6900000000000004,1.26,1.2150000000000003,0,0,0,1,1,0,2,2,0
gen9vgc2025regj-2483484525,5,1096,3.93,1.03,1.4500000000000002,1,0,-1,0,1,0,2,2,0
gen9vgc2025regj-2483484525,7,1096,3.09,2.0,0.5449999999999999,2,2,0,0,1,0,2,2,0
gen9vgc2025regj-2483484525,9,1096,2.25,2.57,-0.15999999999999992,2,2,0,0,1,0,2,2,0
gen9vgc2025regj-2483483511,1,1123,2.0,0.28,0.86,0,0,0,0,0,0,2,2,0
gen9vgc2025regj-2483483511,3,1123,3.46,2.0,0.73,0,3,3,0,0,0,2,2,0
gen9vgc2025regj-2483483511,5,1123,3.06,2.05,0.5050000000000001,0,3,3,0,0,0,2,2,1
gen9vgc2025regj-2483481198,1,1109,1.6800000000000002,2.0,-0.15999999999999992,0,1,1,0,1,0,2,2,0
gen9vgc2025regj-2483481198,3,1109,1.63,3.0,-0.685,2,2,0,1,1,0,2,2,0
gen9vgc2025regj-2483481198,5,1109,0.26,2.41,-1.0750000000000002,3,3,0,1,1,0,1,2,0
gen9vgc2025regj-2483479879,1,1101,2.87,1.8900000000000001,0.49,0,0,0,1,0,0,2,2,0
gen9vgc2025regj-2483479879,3,1101,4.55,1.53,1.5099999999999998,1,2,1,1,0,0,2,2,0
gen9vgc2025regj-2483479879,5,1101,4.45,0.23,2.11,1,3,2,1,0,0,2,1,1
gen9vgc2025regj-2483479678,1,1115,1.58,2.0,-0.20999999999999996,0,1,1,1,0,0,2,2,0
gen9vgc2025regj-2483479678,3,1115,2.0,1.48,0.26,2,1,-1,1,0,0,2,2,0
gen9vgc2025regj-2483479678,5,1115,1.3599999999999999,1.0,0.17999999999999994,2,4,2,1,0,0,2,1,1
gen9vgc2025regj-2483479156,1,1078,2.4,3.0,-0.30000000000000004,0,0,0,0,1,0,2,2,0
gen9vgc2025regj-2483479156,3,1078,1.9100000000000001,1.8399999999999999,0.03500000000000014,2,2,0,1,1,0,2,2,0
gen9vgc2025regj-2483479156,5,1078,1.72,0.84,0.44,2,3,1,1,1,0,2,1,1
gen9vgc2025regj-2483477828,1,1431,2.0,1.88,0.06000000000000005,0,0,0,1,0,0,2,2,0
gen9vgc2025regj-2483477828,3,1431,2.49,2.4499999999999997,0.02000000000000024,2,1,-1,1,0,0,2,2,0
gen9vgc2025regj-2483477828,5,1431,1.32,2.0,-0.33999999999999997,3,3,0,0,0,0,1,2,0
gen9vgc2025regj-2483468517,1,1074,2.0,0.64,0.6799999999999999,0,0,0,0,0,0,2,2,0
gen9vgc2025regj-2483468517,3,1074,3.62,2.0,0.81,1,2,1,0,1,0,2,2,0
gen9vgc2025regj-2483451551,1,1420,2.0,1.92,0.040000000000000036,0,0,0,0,1,0,2,2,0
gen9vgc2025regj-2483451551,3,1420,3.04,1.6,0.72,0,1,1,0,1,0,2,2,0
gen9vgc2025regj-2483451551,5,1420,3.0,2.07,0.4650000000000001,2,1,-1,0,1,0,2,2,0
gen9vgc2025regj-2483451551,7,1420,3.0,1.67,0.665,3,2,-1,0,1,0,2,2,0
gen9vgc2025regj-2483451551,9,1420,2.74,0.67,1.0350000000000001,3,3,0,0,1,0,2,1,0
gen9vgc2025regj-2483451551,11,1420,2.2,0.2,1.0,3,3,0,0,1,0,2,1,0
gen9vgc2025regj-2483449896,1,1040,2.0,2.0,0.0,0,0,0,1,0,0,2,2,0
gen9vgc2025regj-2483449896,3,1040,2.4,2.58,-0.09000000000000008,0,0,0,1,0,0,2,2,0
gen9vgc2025regj-2483449896,5,1040,2.62,3.2800000000000002,-0.33000000000000007,1,0,-1,0,1,0,2,2,0
gen9vgc2025regj-2483449896,7,1040,1.85,1.34,0.255,1,2,1,0,1,0,2,2,0
gen9vgc2025regj-2483449896,9,1040,1.49,0.0,0.745,2,4,2,0,1,0,1,0,1
gen9vgc2025regj-2483450071,1,1069,3.0,3.0,0.0,2,1,-1,0,1,0,2,2,0
gen9vgc2025regj-2483450071,3,1069,3.16,1.86,0.65,2,1,-1,0,1,1,2,2,0
gen9vgc2025regj-2483449367,1,1204,2.0,2.0300000000000002,-0.015000000000000124,0,0,0,1,0,0,2,2,0
gen9vgc2025regj-2483449367,3,1204,3.42,1.29,1.065,0,0,0,1,0,0,2,2,0
gen9vgc2025regj-2483449367,5,1204,2.0,1.35,0.32499999999999996,3,1,-2,1,0,0,1,2,0
gen9vgc2025regj-2483449367,7,1204,1.9100000000000001,2.31,-0.19999999999999996,3,1,-2,1,0,0,1,2,0
gen9vgc2025regj-2483449473,1,1120,2.0,2.88,-0.43999999999999995,0,0,0,0,1,1,2,2,0
gen9vgc2025regj-2483449473,3,1120,3.56,3.03,0.2650000000000001,1,0,-1,1,1,1,2,2,0
gen9vgc2025regj-2483449473,5,1120,1.8,3.71,-0.955,3,1,-2,1,1,0,1,2,0
gen9vgc2025regj-2483449473,7,1120,1.0,3.07,-1.035,4,2,-2,0,1,0,0,2,0
gen9vgc2025regj-2483450014,1,1430,2.0,1.97,0.015000000000000013,0,0,0,0,0,0,2,2,0
gen9vgc2025regj-2483450014,3,1430,1.79,2.6,-0.405,0,0,0,0,0,0,2,2,0
gen9vgc2025regj-2483449837,1,1494,2.45,1.48,0.4850000000000001,0,0,0,1,0,0,2,2,0
gen9vgc2025regj-2483449837,3,1494,2.79,2.01,0.3900000000000001,2,2,0,1,0,0,2,2,0
gen9vgc2025regj-2483449837,5,1494,1.52,2.01,-0.24499999999999988,3,3,0,0,0,0,1,2,0
gen9vgc2025regj-2483448867,1,1232,1.01,3.22,-1.105,1,0,-1,1,1,0,2,2,0
gen9vgc2025regj-2483448867,3,1232,1.0,2.82,-0.9099999999999999,3,1,-2,1,1,0,1,2,0
gen9vgc2025regj-2483448867,5,1232,0.87,2.62,-0.875,3,1,-2,1,1,0,1,2,0
gen9vgc2025regj-2483448181,1,1099,2.0,2.0,0.0,0,0,0,1,0,0,2,2,0
gen9vgc2025regj-2483448181,3,1099,1.0,3.0,-1.0,3,0,-3,1,1,0,0,2,0
gen9vgc2025regj-2483450041,1,1122,2.39,1.01,0.6900000000000001,1,0,-1,0,0,1,2,2,0
gen9vgc2025regj-2483450041,3,1122,2.23,1.42,0.405,1,2,1,0,1,1,2,2,0
gen9vgc2025regj-2483450041,5,1122,2.0700000000000003,1.0,0.5350000000000001,1,4,3,0,1,1,2,1,1
gen9vgc2025regj-2483424371,1,1129,3.0,2.0,0.5,0,1,1,1,1,1,2,2,0
gen9vgc2025regj-2483424371,3,1129,2.61,1.66,0.475,0,1,1,1,1,1,2,2,0
gen9vgc2025regj-2483424371,5,1129,2.13,2.49,-0.18000000000000016,0,2,2,1,1,0,2,2,0
gen9vgc2025regj-2483424008,1,1380,2.45,2.37,0.040000000000000036,1,0,-1,0,0,0,2,2,0
gen9vgc2025regj-2483424008,3,1380,3.45,3.0,0.2250000000000001,1,2,1,1,0,0,2,2,0
gen9vgc2025regj-2483424008,5,1380,1.0,1.27,-0.135,4,2,-2,1,0,0,1,2,0
gen9vgc2025regj-2483423828,1,1422,2.0,3.0,-0.5,0,0,0,0,1,0,2,2,0
gen9vgc2025regj-2483423828,3,1422,3.0,3.64,-0.32000000000000006,0,0,0,0,1,0,2,2,0
gen9vgc2025regj-2483423828,5,1422,2.17,4.0,-0.915,0,1,1,0,1,0,2,2,0
gen9vgc2025regj-2483423828,7,1422,3.0,4.0,-0.5,1,1,0,0,1,0,2,2,0
gen9vgc2025regj-2483423377,1,1144,2.4499999999999997,2.0,0.22499999999999987,0,0,0,0,1,1,2,2,0
gen9vgc2025regj-2483423377,3,1144,2.98,4.23,-0.6250000000000002,1,0,-1,0,1,1,2,2,0
gen9vgc2025regj-2483423377,5,1144,3.7199999999999998,3.81,-0.04500000000000015,1,1,0,0,1,0,2,2,0
gen9vgc2025regj-2483423377,7,1144,2.0,3.74,-0.8700000000000001,3,1,-2,0,1,0,2,2,0
gen9vgc2025regj-2483422332,1,1299,2.88,3.0,-0.06000000000000005,0,0,0,0,1,0,2,2,0
gen9vgc2025regj-2483422332,3,1299,3.79,2.96,0.41500000000000004,1,0,-1,0,1,1,2,2,0
gen9vgc2025regj-2483422332,5,1299,3.48,4.0,-0.26,1,1,0,0,1,1,2,2,0
gen9vgc2025regj-2483422332,7,1299,3.2399999999999998,2.97,0.1349999999999998,1,1,0,0,1,0,2,2,0
gen9vgc2025regj-2483422332,9,1299,3.2800000000000002,3.1900000000000004,0.04499999999999993,2,1,-1,1,1,0,2,2,0
gen9vgc2025regj-2483422332,11,1299,2.9,3.1,-0.10000000000000009,3,1,-2,1,1,0,2,2,0
gen9vgc2025regj-2483422332,13,1299,2.65,3.1,-0.2250000000000001,3,1,-2,1,1,0,2,2,0
gen9vgc2025regj-2483422332,15,1299,2.0,3.1,-0.55,4,1,-3,0,1,0,1,2,0
gen9vgc2025regj-2483422915,1,1449,3.0,2.0,0.5,0,0,0,0,0,1,2,2,0
gen9vgc2025regj-2483422915,3,1449,2.45,1.6099999999999999,0.42000000000000015,1,0,-1,0,0,1,2,2,0
gen9vgc2025regj-2483422915,5,1449,3.0,2.61,0.19500000000000006,2,0,-2,1,0,1,2,2,0
gen9vgc2025regj-2483422582,1,1403,1.71,3.0,-0.645,0,1,1,1,0,1,2,2,0
gen9vgc2025regj-2483422582,3,1403,1.72,2.95,-0.6150000000000001,2,1,-1,1,0,1,1,2,0
gen9vgc2025regj-2483421903,1,1160,1.0,2.0,-0.5,1,1,0,0,1,0,1,2,1
gen9vgc2025regj-2483421651,1,1269,2.0,2.86,-0.42999999999999994,0,0,0,1,0,0,2,2,0
gen9vgc2025regj-2483421651,3,1269,2.22,3.94,-0.8599999999999999,0,2,2,1,0,0,2,2,0
gen9vgc2025regj-2483421651,5,1269,3.11,3.01,0.050000000000000044,1,2,1,0,1,0,2,2,0
gen9vgc2025regj-2483421651,7,1269,2.0,2.43,-0.21500000000000008,3,3,0,0,1,0,1,2,0
gen9vgc2025regj-2483421651,9,1269,1.0,2.18,-0.5900000000000001,4,3,-1,0,1,0,1,2,0
gen9vgc2025regj-2483421401,1,1095,1.9,2.0,-0.050000000000000044,0,0,0,1,1,0,2,2,0
gen9vgc2025regj-2483421401,3,1095,2.71,1.4700000000000002,0.6199999999999999,2,0,-2,1,1,0,2,2,0
gen9vgc2025regj-2483421401,5,1095,2.4,2.58,-0.09000000000000008,2,2,0,0,1,0,2,2,0
gen9vgc2025regj-2483421401,7,1095,2.27,2.0,0.135,2,3,1,0,1,0,2,1,1
gen9vgc2025regj-2483680144,1,1079,1.19,2.23,-0.52,0,0,0,0,0,0,2,2,0
gen9vgc2025regj-2483679657,1,1337,2.32,2.21,0.05499999999999994,0,0,0,0,0,1,2,2,0
gen9vgc2025regj-2483679657,3,1337,2.44,3.05,-0.30499999999999994,1,0,-1,1,0,1,2,2,0
gen9vgc2025regj-2483678864,1,1105,2.0,2.0,0.0,0,0,0,0,0,0,2,2,0
gen9vgc2025regj-2483678864,3,1105,3.0,1.9100000000000001,0.5449999999999999,2,1,-1,1,1,0,2,2,0
gen9vgc2025regj-2483676975,1,1301,2.0,2.42,-0.20999999999999996,0,0,0,0,0,0,2,2,0
gen9vgc2025regj-2483676975,3,1301,1.72,1.9,-0.08999999999999997,0,0,0,0,0,0,2,2,0
gen9vgc2025regj-2483676975,5,1301,2.0,1.52,0.24,1,0,-1,0,0,0,2,2,0
gen9vgc2025regj-2483676975,7,1301,1.8599999999999999,2.01,-0.07499999999999996,1,1,0,1,0,0,2,2,0
gen9vgc2025regj-2483676975,9,1301,1.69,3.0,-0.655,1,2,1,1,1,0,2,2,0
gen9vgc2025regj-2483676975,11,1301,1.41,2.59,-0.59,2,2,0,1,1,0,2,2,0
gen9vgc2025regj-2483676975,13,1301,0.87,1.0,-0.065,2,4,2,1,1,0,2,0,1
gen9vgc2025regj-2483678296,1,1073,1.94,1.62,0.15999999999999992,0,0,0,1,0,1,2,2,0
gen9vgc2025regj-2483678296,3,1073,3.0,2.0700000000000003,0.46499999999999986,2,2,0,1,0,1,2,2,0
gen9vgc2025regj-2483679609,1,1086,2.0,1.5699999999999998,0.21500000000000008,0,0,0,0,0,0,2,2,0
gen9vgc2025regj-2483679609,3,1086,1.6800000000000002,1.09,0.29500000000000004,0,1,1,0,0,0,2,2,0
gen9vgc2025regj-2483679609,5,1086,1.45,1.8900000000000001,-0.22000000000000008,2,3,1,1,0,0,2,1,0
gen9vgc2025regj-2483679609,7,1086,0.9,1.0,-0.04999999999999999,2,4,2,1,0,0,2,1,1
gen9vgc2025regj-2483677470,1,1118,2.4699999999999998,1.13,0.6699999999999999,0,1,1,1,0,0,2,2,0
gen9vgc2025regj-2483677470,3,1118,3.0,1.0,1.0,2,3,1,1,1,0,2,1,0
gen9vgc2025regj-2483677470,5,1118,2.7,0.0,1.35,2,4,2,1,1,0,2,0,1
gen9vgc2025regj-2483676520,1,1182,2.0,1.6400000000000001,0.17999999999999994,0,0,0,1,1,0,2,2,0
gen9vgc2025regj-2483676520,3,1182,2.3,3.0,-0.3500000000000001,0,1,1,1,1,1,2,2,0
gen9vgc2025regj-2483676520,5,1182,3.05,1.43,0.8099999999999999,1,3,2,0,1,1,2,1,0
gen9vgc2025regj-2483676520,7,1182,4.0,1.0,1.5,1,4,3,0,1,0,2,1,1
gen9vgc2025regj-2483676686,1,1439,2.55,2.0,0.2749999999999999,1,1,0,0,0,0,2,2,0
gen9vgc2025regj-2483676686,3,1439,2.21,2.01,0.10000000000000009,2,2,0,1,0,0,2,2,0
gen9vgc2025regj-2483676155,1,1225,3.0,0.99,1.005,1,0,-1,1,1,0,2,2,0
gen9vgc2025regj-2483676155,3,1225,4.87,2.74,1.065,3,1,-2,1,1,0,2,2,0
gen9vgc2025regj-2483676155,5,1225,4.05,2.0,1.025,3,2,-1,0,1,0,2,2,0
gen9vgc2025regj-2483674474,1,1164,2.0,3.0,-0.5,1,1,0,0,0,1,2,2,0
gen9vgc2025regj-2483674474,3,1164,1.96,2.19,-0.11499999999999999,1,1,0,0,0,1,2,2,0
gen9vgc2025regj-2483674474,5,1164,1.06,2.3499999999999996,-0.6449999999999998,2,1,-1,0,0,0,2,2,0
gen9vgc2025regj-2483674688,1,1257,1.8199999999999998,2.0,-0.09000000000000008,0,0,0,0,0,0,2,2,0
gen9vgc2025regj-2483674688,3,1257,1.45,2.0,-0.275,0,1,1,0,0,1,2,2,0
gen9vgc2025regj-2483674688,5,1257,0.61,2.94,-1.165,0,3,3,0,0,1,2,2,0
gen9vgc2025regj-2483673059,1,1245,2.0,2.9,-0.44999999999999996,1,0,-1,1,0,1,2,2,0
gen9vgc2025regj-2483673059,3,1245,1.95,2.1,-0.07500000000000007,1,1,0,1,0,1,2,2,0
gen9vgc2025regj-2483673059,5,1245,2.22,3.1,-0.43999999999999995,1,1,0,1,0,0,2,2,0
gen9vgc2025regj-2483673059,7,1245,3.0,3.84,-0.41999999999999993,2,1,-1,0,0,0,2,2,0
gen9vgc2025regj-2483673059,9,1245,1.0,3.5700000000000003,-1.2850000000000001,4,1,-3,0,0,0,0,2,0
gen9vgc2025regj-2483672671,1,1284,2.67,1.9300000000000002,0.3699999999999999,0,0,0,1,1,0,2,2,0
gen9vgc2025regj-2483672671,3,1284,2.55,4.52,-0.9849999999999999,0,1,1,1,1,0,2,2,0
gen9vgc2025regj-2483672671,5,1284,3.7299999999999995,4.26,-0.2650000000000001,0,1,1,0,1,0,2,2,0
gen9vgc2025regj-2483672671,7,1284,2.31,2.0,0.15500000000000003,2,4,2,0,1,0,1,0,1
gen9vgc2025regj-2483673394,1,1192,1.92,1.83,0.04499999999999993,0,0,0,1,0,0,2,2,0
gen9vgc2025regj-2483673394,3,1192,2.0,1.49,0.255,2,0,-2,1,1,0,2,2,0
gen9vgc2025regj-2483673394,5,1192,0.65,1.3900000000000001,-0.37000000000000005,2,1,-1,0,1,0,2,2,0
gen9vgc2025regj-2483651665,1,1449,2.0,2.0,0.0,0,0,0,0,1,0,2,2,0
gen9vgc2025regj-2483651665,3,1449,1.52,2.6,-0.54,0,0,0,0,1,0,2,2,0
gen9vgc2025regj-2483651665,5,1449,2.0,2.6,-0.30000000000000004,2,1,-1,1,1,0,2,2,0
gen9vgc2025regj-2483651665,7,1449,0.63,2.0300000000000002,-0.7000000000000002,3,1,-2,1,1,0,1,2,0
gen9vgc2025regj-2483651665,9,1449,0.02,2.19,-1.085,3,1,-2,1,1,0,1,2,0
gen9vgc2025regj-2483651528,1,1104,2.0,2.0,0.0,0,0,0,1,0,1,2,2,0
gen9vgc2025regj-2483651528,3,1104,1.92,1.01,0.45499999999999996,2,1,-1,1,0,1,2,2,0
gen9vgc2025regj-2483651528,5,1104,1.62,0.0,0.81,2,4,2,1,1,1,2,0,1
gen9vgc2025regj-2483650763,1,1440,2.0,2.66,-0.33000000000000007,0,1,1,0,1,0,2,2,0
gen9vgc2025regj-2483650763,3,1440,1.4300000000000002,1.4,0.015000000000000124,1,2,1,0,1,0,2,2,0
gen9vgc2025regj-2483650763,5,1440,0.61,0.0,0.305,3,4,1,0,1,0,1,0,1
gen9vgc2025regj-2483650331,1,1282,3.0,1.01,0.995,1,0,-1,0,0,0,2,2,0
gen9vgc2025regj-2483649727,1,1240,2.0,1.5,0.25,0,0,0,0,1,0,2,2,0
gen9vgc2025regj-2483649727,3,1240,1.5,1.6400000000000001,-0.07000000000000006,1,0,-1,0,1,0,1,2,0
gen9vgc2025regj-2483649727,5,1240,0.21,1.49,-0.64,3,1,-2,1,1,0,1,2,0
gen9vgc2025regj-2483651881,1,1018,2.3,3.0,-0.3500000000000001,0,1,1,0,1,0,2,2,0
gen9vgc2025regj-2483651881,3,1018,3.0599999999999996,3.91,-0.42500000000000027,0,1,1,0,1,0,2,2,0
gen9vgc2025regj-2483651881,5,1018,2.83,5.609999999999999,-1.3899999999999997,0,2,2,0,1,0,2,2,1
gen9vgc2025regj-2483649365,1,1202,2.88,2.0,0.43999999999999995,0,0,0,0,0,1,2,2,0
gen9vgc2025regj-2483649365,3,1202,3.64,3.92,-0.1399999999999999,1,1,0,0,0,1,2,2,0
gen9vgc2025regj-2483649365,5,1202,3.59,4.0,-0.20500000000000007,1,3,2,0,0,0,2,2,0
gen9vgc2025regj-2483648372,1,1297,1.74,1.11,0.31499999999999995,0,0,0,1,0,0,2,2,0
gen9vgc2025regj-2483648372,3,1297,2.0300000000000002,2.0,0.015000000000000124,1,1,0,1,0,0,2,2,0
gen9vgc2025regj-2483648372,5,1297,2.93,1.45,0.7400000000000001,3,1,-2,1,0,0,2,2,0
gen9vgc2025regj-2483648372,7,1297,2.0,1.75,0.125,4,2,-2,1,0,0,2,2,0
gen9vgc2025regj-2483648045,1,1362,1.37,2.0,-0.31499999999999995,0,0,0,0,1,0,2,2,0
gen9vgc2025regj-2483648045,3,1362,2.06,2.0,0.030000000000000027,0,0,0,0,1,0,2,2,0
gen9vgc2025regj-2483648045,5,1362,2.0,3.0,-0.5,2,2,0,1,1,0,2,2,0
gen9vgc2025regj-2483648045,7,1362,1.45,2.0,-0.275,2,4,2,1,1,0,2,1,1
gen9vgc2025regj-2483647266,1,1168,2.76,3.0,-0.1200000000000001,0,1,1,1,0,0,2,2,0
gen9vgc2025regj-2483647266,3,1168,1.18,1.0,0.08999999999999997,1,3,2,1,0,0,2,1,1
gen9vgc2025regj-2483646958,1,1220,1.76,2.01,-0.12499999999999989,0,0,0,1,0,0,2,2,0
gen9vgc2025regj-2483646958,3,1220,1.26,2.01,-0.3749999999999999,1,0,-1,1,0,0,2,2,0
gen9vgc2025regj-2483646958,5,1220,0.29000000000000004,4.0,-1.855,1,3,2,0,0,0,2,2,0
gen9vgc2025regj-2483646958,7,1220,2.0,4.4,-1.2000000000000002,2,3,1,0,0,0,2,2,0
gen9vgc2025regj-2483646958,9,1220,2.0,4.0,-1.0,2,4,2,0,0,0,2,2,1
gen9vgc2025regj-2483646836,1,1313,1.8399999999999999,2.0,-0.08000000000000007,0,0,0,0,0,1,2,2,0
gen9vgc2025regj-2483646836,3,1313,2.32,1.35,0.4849999999999999,2,0,-2,0,0,1,2,2,0
gen9vgc2025regj-2483646836,5,1313,2.32,3.62,-0.6500000000000001,2,1,-1,0,0,0,2,2,0
gen9vgc2025regj-2483646836,7,1313,2.0,3.91,-0.9550000000000001,4,1,-3,0,0,0,2,2,0
gen9vgc2025regj-2483646358,1,1036,2.0,1.67,0.16500000000000004,0,0,0,0,1,1,2,2,0
gen9vgc2025regj-2483646358,3,1036,2.0,3.17,-0.585,0,1,1,0,1,1,2,2,0
gen9vgc2025regj-2483646358,5,1036,2.0,2.99,-0.4950000000000001,0,2,2,0,1,1,2,2,1
gen9vgc2025regj-2483646336,1,1092,1.73,2.24,-0.2550000000000001,0,1,1,1,1,0,2,2,0
gen9vgc2025regj-2483646336,3,1092,0.86,2.08,-0.6100000000000001,0,3,3,1,1,0,2,2,0
gen9vgc2025regj-2483646205,1,1396,2.0,2.45,-0.2250000000000001,0,0,0,0,0,0,2,2,0
gen9vgc2025regj-2483646205,3,1396,2.91,3.0,-0.04499999999999993,0,2,2,1,0,0,2,2,0
gen9vgc2025regj-2483646205,5,1396,2.37,2.0,0.18500000000000005,1,4,3,1,0,0,1,1,1
gen9vgc2025regj-2483612693,1,1432,1.8399999999999999,1.62,0.10999999999999988,0,0,0,0,1,0,2,2,0
gen9vgc2025regj-2483612693,3,1432,1.6800000000000002,1.52,0.08000000000000007,1,1,0,0,1,0,2,2,0
gen9vgc2025regj-2483612693,5,1432,1.6800000000000002,1.37,0.15500000000000003,2,1,-1,0,1,0,1,2,0
gen9vgc2025regj-2483612693,7,1432,1.3,1.0,0.15000000000000002,3,3,0,0,1,0,1,1,0
gen9vgc2025regj-2483611764,1,1216,2.0,2.93,-0.4650000000000001,0,0,0,0,0,0,2,2,0
gen9vgc2025regj-2483611764,3,1216,4.78,1.0,1.8900000000000001,0,2,2,0,0,1,2,1,1
gen9vgc2025regj-2483611732,1,1066,1.46,2.88,-0.71,0,0,0,1,0,0,2,2,0
gen9vgc2025regj-2483611732,3,1066,0.9200000000000002,2.41,-0.745,0,0,0,0,0,0,2,2,0
gen9vgc2025regj-2483611732,5,1066,1.76,2.88,-0.5599999999999999,1,1,0,0,0,0,2,2,0
gen9vgc2025regj-2483611732,7,1066,1.87,2.69,-0.4099999999999999,3,1,-2,0,0,0,2,2,0
gen9vgc2025regj-2483611635,1,1123,4.0,1.9100000000000001,1.045,2,1,-1,1,0,0,2,2,0
gen9vgc2025regj-2483611635,3,1123,4.0,1.01,1.495,4,2,-2,1,0,0,2,2,0
gen9vgc2025regj-2483610625,1,1273,2.0,2.0,0.0,0,0,0,0,0,0,2,2,0
gen9vgc2025regj-2483610625,3,1273,2.63,3.6799999999999997,-0.5249999999999999,0,0,0,0,0,0,2,2,0
gen9vgc2025regj-2483610625,5,1273,3.58,3.42,0.08000000000000007,0,0,0,0,0,1,2,2,0
gen9vgc2025regj-2483610072,1,1593,2.0,2.93,-0.4650000000000001,0,0,0,1,0,1,2,2,0
gen9vgc2025regj-2483610072,3,1593,3.59,3.04,0.2749999999999999,0,0,0,1,0,1,2,2,0
gen9vgc2025regj-2483610072,5,1593,3.05,2.02,0.5149999999999999,0,2,2,0,0,0,2,2,0
gen9vgc2025regj-2483610072,7,1593,2.42,2.02,0.19999999999999996,2,3,1,0,1,0,2,2,0
gen9vgc2025regj-2483609908,1,1241,2.0,2.0,0.0,0,0,0,1,0,0,2,2,0
gen9vgc2025regj-2483609908,3,1241,4.0,1.5,1.25,2,0,-2,1,1,0,2,2,0
gen9vgc2025regj-2483609908,5,1241,4.0,1.88,1.06,2,0,-2,0,1,0,2,2,0
gen9vgc2025regj-2483609908,7,1241,4.99,2.22,1.385,2,2,0,0,1,0,2,2,0
gen9vgc2025regj-2483609463,1,1323,1.99,2.0,-0.0050000000000000044,0,0,0,0,1,0,2,2,0
gen9vgc2025regj-2483609463,3,1323,1.04,2.0,-0.48,0,2,2,0,1,0,2,2,0
gen9vgc2025regj-2483609463,5,1323,2.63,2.0,0.31499999999999995,2,2,0,0,1,0,2,2,0
gen9vgc2025regj-2483609463,7,1323,3.0300000000000002,1.0,1.0150000000000001,2,4,2,0,1,0,2,1,1
gen9vgc2025regj-2483609660,1,1278,2.25,1.52,0.365,0,1,1,0,1,0,2,2,0
gen9vgc2025regj-2483609660,3,1278,2.79,1.15,0.8200000000000001,0,1,1,1,1,0,2,2,0
gen9vgc2025regj-2483609660,5,1278,2.16,2.29,-0.06499999999999995,1,1,0,1,1,0,2,2,0
gen9vgc2025regj-2483608633,1,1092,3.0,2.0,0.5,0,0,0,1,0,0,2,2,0
gen9vgc2025regj-2483608633,3,1092,4.73,2.0,1.3650000000000002,0,1,1,1,0,0,2,2,0
gen9vgc2025regj-2483608633,5,1092,3.66,2.35,0.655,0,1,1,0,0,0,2,2,0
gen9vgc2025regj-2483608633,7,1092,3.4699999999999998,2.86,0.30499999999999994,0,2,2,0,0,0,2,2,0
gen9vgc2025regj-2483608633,9,1092,3.19,1.56,0.815,2,3,1,1,0,0,2,1,0
gen9vgc2025regj-2483607835,1,1246,3.0,2.0,0.5,1,1,0,0,0,1,2,2,0
gen9vgc2025regj-2483607835,3,1246,1.15,2.0,-0.42500000000000004,1,2,1,0,0,1,2,2,0
gen9vgc2025regj-2483607835,5,1246,1.0,2.0,-0.5,4,2,-2,0,1,1,0,2,0
gen9vgc2025regj-2483607386,1,1552,2.73,2.0,0.365,0,0,0,1,1,1,2,2,0
gen9vgc2025regj-2483607386,3,1552,3.43,2.76,0.3350000000000002,1,2,1,1,1,1,2,2,0
gen9vgc2025regj-2483607386,5,1552,3.1,2.0,0.55,1,4,3,1,1,1,2,1,1
gen9vgc2025regj-2483604497,1,1233,2.41,1.27,0.5700000000000001,0,0,0,0,1,0,2,2,0
gen9vgc2025regj-2483604497,3,1233,3.04,2.0,0.52,0,1,1,0,1,0,2,2,0
gen9vgc2025regj-2483604497,5,1233,3.03,1.62,0.7049999999999998,0,1,1,0,1,0,2,2,0
gen9vgc2025regj-2483604497,7,1233,4.0,1.94,1.03,2,1,-1,0,1,0,2,2,0
gen9vgc2025regj-2483606069,1,1182,2.59,2.0,0.29499999999999993,0,0,0,1,1,1,2,2,0
gen9vgc2025regj-2483606069,3,1182,3.6399999999999997,2.0,0.8199999999999998,1,2,1,1,1,1,2,2,0
gen9vgc2025regj-2483605795,1,1304,2.71,2.46,0.125,0,0,0,0,1,1,2,2,0
gen9vgc2025regj-2483605795,3,1304,1.5899999999999999,2.0,-0.20500000000000007,1,2,1,0,1,1,2,2,0
gen9vgc2025regj-2483590598,1,1102,0.18000000000000002,1.01,-0.415,0,1,1,1,1,0,2,1,0
gen9vgc2025regj-2483590598,3,1102,1.0,2.76,-0.8799999999999999,3,1,-2,1,1,0,1,2,0
gen9vgc2025regj-2483589830,1,1493,1.72,3.06,-0.67,0,0,0,0,1,1,2,2,0
gen9vgc2025regj-2483589830,3,1493,0.7000000000000001,3.97,-1.635,0,0,0,0,1,1,2,2,0
gen9vgc2025regj-2483589830,5,1493,2.0,3.8600000000000003,-0.9300000000000002,2,0,-2,0,1,0,2,2,0
gen9vgc2025regj-2483589830,7,1493,0.23,3.0,-1.385,2,2,0,0,1,0,2,2,0
gen9vgc2025regj-2483589083,1,1120,2.0,2.0,0.0,0,1,1,0,0,0,2,2,0
gen9vgc2025regj-2483589083,3,1120,2.85,1.9100000000000001,0.47,0,1,1,0,0,0,2,2,0
gen9vgc2025regj-2483589083,5,1120,2.3200000000000003,2.94,-0.30999999999999983,0,1,1,0,1,0,2,2,0
gen9vgc2025regj-2483589083,7,1120,3.4800000000000004,2.9699999999999998,0.25500000000000034,0,1,1,0,1,0,2,2,0
gen9vgc2025regj-2483589083,9,1120,3.39,2.89,0.25,1,1,0,1,1,0,2,2,0
gen9vgc2025regj-2483589083,11,1120,1.37,2.51,-0.5699999999999998,3,1,-2,1,1,0,1,2,0
gen9vgc2025regj-2483588780,1,1232,1.01,2.0,-0.495,0,0,0,1,0,0,2,2,0
gen9vgc2025regj-2483588780,3,1232,0.19,2.01,-0.9099999999999999,0,1,1,1,1,0,2,2,0
gen9vgc2025regj-2483588780,5,1232,1.3399999999999999,3.0199999999999996,-0.8399999999999999,0,1,1,0,1,0,2,2,0
gen9vgc2025regj-2483588780,7,1232,1.0,3.07,-1.035,3,2,-1,1,1,0,1,2,0
gen9vgc2025regj-2483588527,1,1239,1.95,1.04,0.45499999999999996,0,1,1,0,0,0,2,2,0
gen9vgc2025regj-2483588527,3,1239,1.35,1.04,0.15500000000000003,0,2,2,1,0,0,2,2,0
gen9vgc2025regj-2483588527,5,1239,2.45,0.64,0.905,1,3,2,1,0,0,2,1,0
gen9vgc2025regj-2483588527,7,1239,2.45,0.0,1.225,2,4,2,1,0,0,2,0,1
gen9vgc2025regj-2483588007,1,1322,3.2800000000000002,0.96,1.1600000000000001,1,0,-1,0,1,0,2,2,0
gen9vgc2025regj-2483588007,3,1322,4.33,1.35,1.49,2,1,-1,1,1,0,2,2,0
gen9vgc2025regj-2483588007,5,1322,4.79,1.6800000000000002,1.555,2,3,1,1,1,0,2,1,0
gen9vgc2025regj-2483588007,7,1322,4.0,1.4,1.3,4,3,-1,1,1,0,2,1,0
gen9vgc2025regj-2483586992,1,1107,2.77,1.88,0.44500000000000006,0,0,0,0,0,0,2,2,0
gen9vgc2025regj-2483586992,3,1107,2.7,1.6400000000000001,0.53,0,0,0,0,0,0,2,2,0
gen9vgc2025regj-2483586992,5,1107,2.48,1.76,0.36,0,1,1,0,0,0,2,2,0
gen9vgc2025regj-2483586992,7,1107,2.3499999999999996,1.6400000000000001,0.35499999999999976,0,1,1,0,0,0,2,2,0
gen9vgc2025regj-2483586992,9,1107,2.3499999999999996,0.0,1.1749999999999998,0,3,3,0,0,0,2,0,1
gen9vgc2025regj-2483584373,1,1513,2.0,2.0,0.0,0,0,0,0,1,0,2,2,0
gen9vgc2025regj-2483584373,3,1513,3.19,4.21,-0.51,0,0,0,0,1,1,2,2,0
gen9vgc2025regj-2483584373,5,1513,2.62,3.63,-0.5049999999999999,0,0,0,0,1,1,2,2,0
gen9vgc2025regj-2483584373,7,1513,2.21,3.67,-0.73,0,0,0,0,1,1,2,2,0
gen9vgc2025regj-2483584373,9,1513,2.21,4.31,-1.0499999999999998,0,0,0,0,1,1,2,2,0
gen9vgc2025regj-2483584373,11,1513,2.21,4.55,-1.17,0,0,0,0,1,0,2,2,0
gen9vgc2025regj-2483584373,13,1513,4.0,4.32,-0.16000000000000014,1,1,0,0,1,0,2,2,0
gen9vgc2025regj-2483584373,15,1513,2.0,3.32,-0.6599999999999999,3,2,-1,0,1,0,1,2,0
gen9vgc2025regj-2483586764,1,1049,1.72,1.55,0.08499999999999996,0,1,1,1,0,0,2,2,0
gen9vgc2025regj-2483586764,3,1049,3.0,1.28,0.86,3,2,-1,1,0,0,2,2,0
gen9vgc2025regj-2483586386,1,1377,1.85,2.19,-0.16999999999999993,1,0,-1,0,0,0,2,2,0
gen9vgc2025regj-2483586386,3,1377,1.44,3.37,-0.9650000000000001,1,1,0,0,0,0,2,2,0
gen9vgc2025regj-2483586386,5,1377,1.01,2.0,-0.495,2,3,1,0,0,0,1,1,0
gen9vgc2025regj-2483586287,1,1405,2.65,3.0,-0.17500000000000004,1,1,0,0,1,0,2,2,0
gen9vgc2025regj-2483586287,3,1405,2.76,5.06,-1.15,2,1,-1,0,1,1,2,2,0
gen9vgc2025regj-2483586232,1,1067,2.0,2.83,-0.41500000000000004,0,0,0,1,1,1,2,2,0
gen9vgc2025regj-2483586232,3,1067,0.6,3.06,-1.23,0,1,1,1,1,1,2,2,0
gen9vgc2025regj-2483586232,5,1067,2.02,2.88,-0.42999999999999994,1,2,1,1,1,0,2,2,0
gen9vgc2025regj-2483584724,1,1124,2.32,2.76,-0.21999999999999997,0,0,0,1,0,0,2,2,0
gen9vgc2025regj-2483584724,3,1124,3.0,1.05,0.975,0,2,2,1,0,0,2,1,0
gen9vgc2025regj-2483583351,1,1120,2.0,1.8900000000000001,0.05499999999999994,0,0,0,0,1,1,2,2,0
gen9vgc2025regj-2483583351,3,1120,4.0,2.89,0.5549999999999999,1,0,-1,0,1,1,2,2,0
gen9vgc2025regj-2483583351,5,1120,4.67,1.9000000000000001,1.3849999999999998,1,0,-1,0,1,0,2,2,0
gen9vgc2025regj-2483583351,7,1120,4.38,2.89,0.7449999999999999,1,1,0,0,1,1,2,2,0
gen9vgc2025regj-2483583351,9,1120,4.0,3.71,0.14500000000000002,2,1,-1,0,1,1,2,2,0
gen9vgc2025regj-2483583351,11,1120,4.0,3.26,0.3700000000000001,3,1,-2,0,1,0,2,2,0
gen9vgc2025regj-2483583351,13,1120,4.67,3.26,0.7050000000000001,3,1,-2,0,1,1,2,2,0
gen9vgc2025regj-2483572616,1,1399,3.67,3.86,-0.09499999999999997,0,0,0,0,1,0,2,2,0
gen9vgc2025regj-2483572616,3,1399,5.33,2.75,1.29,2,1,-1,1,1,0,2,2,0
gen9vgc2025regj-2483572616,5,1399,4.0600000000000005,3.14,0.4600000000000002,3,1,-2,1,1,0,2,2,0
gen9vgc2025regj-2483572328,1,1123,3.7800000000000002,2.0,0.8900000000000001,1,0,-1,0,0,0,2,2,0
gen9vgc2025regj-2483572328,3,1123,4.29,2.0,1.145,1,0,-1,0,0,0,2,2,0
gen9vgc2025regj-2483572328,5,1123,4.41,3.0,0.7050000000000001,1,0,-1,0,0,0,2,2,0
gen9vgc2025regj-2483572328,7,1123,4.08,3.34,0.3700000000000001,1,1,0,0,0,0,2,2,0
gen9vgc2025regj-2483572328,9,1123,4.609999999999999,3.47,0.5699999999999996,2,2,0,0,0,0,2,2,0
gen9vgc2025regj-2483572328,11,1123,3.25,2.56,0.345,3,2,-1,0,0,0,1,2,0
gen9vgc2025regj-2483572328,13,1123,3.46,2.46,0.5,3,3,0,0,0,0,1,2,0
gen9vgc2025regj-2483572328,15,1123,3.46,2.46,0.5,3,3,0,0,0,0,1,2,0
gen9vgc2025regj-2483572328,17,1123,3.2,2.0,0.6000000000000001,3,4,1,0,0,0,1,1,1
gen9vgc2025regj-2483571952,1,1073,2.0,2.0,0.0,0,0,0,0,0,0,2,2,0
gen9vgc2025regj-2483571952,3,1073,2.58,2.64,-0.030000000000000027,0,0,0,1,0,1,2,2,0
gen9vgc2025regj-2483571952,5,1073,2.58,0.0,1.29,0,4,4,1,0,1,2,0,1
gen9vgc2025regj-2483571456,1,1395,2.0,1.95,0.025000000000000022,0,0,0,0,1,0,2,2,0
gen9vgc2025regj-2483571456,3,1395,3.0,3.69,-0.345,0,0,0,0,1,0,2,2,0
gen9vgc2025regj-2483571456,5,1395,4.88,4.0,0.43999999999999995,0,0,0,0,1,0,2,2,0
gen9vgc2025regj-2483571456,7,1395,5.3999999999999995,3.3,1.0499999999999998,0,0,0,0,1,0,2,2,0
gen9vgc2025regj-2483571456,9,1395,4.0,3.34,0.33000000000000007,2,0,-2,0,1,0,2,2,0
gen9vgc2025regj-2483571890,1,1059,1.88,2.0,-0.06000000000000005,0,0,0,0,0,0,2,2,0
gen9vgc2025regj-2483571228,1,1200,2.0,2.0,0.0,1,1,0,0,1,0,2,2,0
gen9vgc2025regj-2483571228,3,1200,3.0,2.56,0.21999999999999997,2,1,-1,0,1,1,2,2,0
gen9vgc2025regj-2483571228,5,1200,1.01,3.0100000000000002,-1.0,3,1,-2,0,1,1,1,2,0
gen9vgc2025regj-2483570748,1,1073,2.0,1.9,0.050000000000000044,0,0,0,0,0,0,2,2,0
gen9vgc2025regj-2483570748,3,1073,3.74,1.63,1.0550000000000002,0,0,0,0,1,0,2,2,0
gen9vgc2025regj-2483570748,5,1073,3.77,0.84,1.465,0,0,0,0,1,0,2,2,0
gen9vgc2025regj-2483570631,1,1458,2.3,2.0,0.1499999999999999,0,2,2,0,0,0,2,2,0
gen9vgc2025regj-2483570631,3,1458,3.7699999999999996,2.0,0.8849999999999998,0,2,2,0,1,0,2,2,0
gen9vgc2025regj-2483570631,5,1458,3.3,0.74,1.2799999999999998,2,3,1,0,1,0,2,1,0
gen9vgc2025regj-2483573566,1,1052,3.2800000000000002,2.88,0.20000000000000018,0,0,0,0,1,0,2,2,0
gen9vgc2025regj-2483573566,3,1052,3.2800000000000002,2.69,0.29500000000000015,0,2,2,0,1,0,2,2,0
gen9vgc2025regj-2483573566,5,1052,4.74,1.69,1.5250000000000001,1,3,2,0,1,0,2,1,1
gen9vgc2025regj-2483570830,1,1330,2.65,3.08,-0.21500000000000008,0,0,0,0,1,0,2,2,0
gen9vgc2025regj-2483570830,3,1330,2.0,2.0100000000000002,-0.0050000000000001155,2,1,-1,0,1,0,2,2,0
gen9vgc2025regj-2483570830,5,1330,2.0,1.8900000000000001,0.05499999999999994,3,3,0,1,1,0,2,1,0
gen9vgc2025regj-2483570830,7,1330,2.0,1.0,0.5,4,4,0,1,1,0,2,0,0
gen9vgc2025regj-2483569135,1,1374,2.84,2.5300000000000002,0.1549999999999998,0,0,0,0,1,1,2,2,0
gen9vgc2025regj-2483569135,3,1374,2.6,3.4800000000000004,-0.44000000000000017,0,0,0,0,1,1,2,2,0
gen9vgc2025regj-2483569135,5,1374,3.01,5.210000000000001,-1.1000000000000005,1,0,-1,0,1,0,2,2,0
gen9vgc2025regj-2483568614,1,1156,2.8,2.11,0.345,0,0,0,0,1,0,2,2,0
gen9vgc2025regj-2483568614,3,1156,3.0,1.6700000000000002,0.6649999999999999,0,1,1,0,1,0,2,1,0
gen9vgc2025regj-2483568614,5,1156,3.0,1.0,1.0,1,3,2,0,1,0,2,1,1
gen9vgc2025regj-2483567613,1,1107,1.43,2.0,-0.28500000000000003,0,0,0,0,0,0,2,2,0
gen9vgc2025regj-2483567613,3,1107,3.6399999999999997,2.0,0.8199999999999998,1,0,-1,0,1,0,2,2,0
gen9vgc2025regj-2483567613,5,1107,3.3699999999999997,3.1599999999999997,0.10499999999999998,1,0,-1,0,1,0,2,2,0
gen9vgc2025regj-2483567613,7,1107,2.0,5.180000000000001,-1.5900000000000003,3,1,-2,1,1,0,2,2,0
gen9vgc2025regj-2483567613,9,1107,2.43,5.27,-1.4199999999999997,3,1,-2,1,1,0,2,2,0
gen9vgc2025regj-2483567735,1,1049,1.12,2.0,-0.43999999999999995,0,2,2,1,1,0,2,2,0
gen9vgc2025regj-2483567735,3,1049,1.0,2.0,-0.5,4,2,-2,1,1,0,1,2,0
gen9vgc2025regj-2483567683,1,1130,2.92,3.0,-0.040000000000000036,0,1,1,0,1,0,2,2,0
gen9vgc2025regj-2483567683,3,1130,3.3,2.27,0.5149999999999999,1,2,1,0,1,0,2,2,0
gen9vgc2025regj-2483567683,5,1130,3.83,2.36,0.7350000000000001,2,3,1,0,1,0,2,2,0
gen9vgc2025regj-2483544471,1,1096,1.0699999999999998,2.0,-0.4650000000000001,0,0,0,0,0,0,2,2,0
gen9vgc2025regj-2483544471,3,1096,2.2199999999999998,3.57,-0.675,1,0,-1,0,0,0,2,2,0
gen9vgc2025regj-2483544471,5,1096,0.99,2.73,-0.87,2,0,-2,0,0,0,1,2,0
gen9vgc2025regj-2483544504,1,1320,1.02,1.9100000000000001,-0.44500000000000006,0,0,0,0,0,0,2,2,0
gen9vgc2025regj-2483544504,3,1320,1.56,1.76,-0.09999999999999998,2,0,-2,0,0,0,2,2,0
gen9vgc2025regj-2483544504,5,1320,1.74,2.5,-0.38,2,1,-1,0,0,0,2,2,0
gen9vgc2025regj-2483544504,7,1320,0.0,2.1,-1.05,4,2,-2,0,0,0,0,2,0
gen9vgc2025regj-2483543431,1,1102,2.58,2.43,0.07499999999999996,0,0,0,0,1,1,2,2,0
gen9vgc2025regj-2483543431,3,1102,2.0,2.8000000000000003,-0.40000000000000013,3,0,-3,1,1,1,1,2,0
gen9vgc2025regj-2483542972,1,1106,2.95,2.0,0.4750000000000001,0,0,0,0,0,0,2,2,0
gen9vgc2025regj-2483542972,3,1106,2.89,1.35,0.77,1,0,-1,0,0,0,2,2,0
gen9vgc2025regj-2483542972,5,1106,2.52,3.0,-0.24,2,2,0,0,1,0,2,2,0
gen9vgc2025regj-2483542972,7,1106,1.46,3.0,-0.77,3,2,-1,0,1,0,1,2,0
gen9vgc2025regj-2483543506,1,1400,2.0,1.52,0.24,0,1,1,1,0,0,2,2,0
gen9vgc2025regj-2483543506,3,1400,1.74,0.91,0.415,1,1,0,0,0,0,2,2,0
gen9vgc2025regj-2483543506,5,1400,2.3200000000000003,1.0,0.6600000000000001,2,4,2,0,0,0,2,1,1
gen9vgc2025regj-2483543140,1,1233,2.0,1.3,0.35,1,0,-1,1,0,0,2,2,0
gen9vgc2025regj-2483543140,3,1233,3.8099999999999996,1.2,1.3049999999999997,2,1,-1,1,0,0,1,2,0
gen9vgc2025regj-2483543140,5,1233,3.48,1.0,1.24,2,3,1,0,0,1,1,1,0
gen9vgc2025regj-2483543140,7,1233,2.68,0.26,1.21,2,3,1,0,0,1,1,1,0
gen9vgc2025regj-2483542745,1,1555,2.0,2.57,-0.2849999999999999,0,0,0,0,0,0,2,2,0
gen9vgc2025regj-2483542745,3,1555,2.15,2.67,-0.26,0,0,0,0,0,1,2,2,0
gen9vgc2025regj-2483542745,5,1555,3.07,2.0100000000000002,0.5299999999999998,1,0,-1,0,0,1,2,2,0
gen9vgc2025regj-2483543415,1,1000,1.85,1.88,-0.014999999999999902,0,0,0,0,0,0,2,2,0
gen9vgc2025regj-2483543415,3,1000,1.75,1.76,-0.0050000000000000044,1,1,0,0,0,0,2,2,0
gen9vgc2025regj-2483543415,5,1000,1.58,1.38,0.10000000000000009,2,2,0,0,0,0,2,2,0
gen9vgc2025regj-2483543415,7,1000,0.98,0.0,0.49,2,4,2,0,0,0,2,0,1
gen9vgc2025regj-2483542395,1,1198,2.0,2.0,0.0,0,0,0,0,1,0,2,2,0
gen9vgc2025regj-2483542395,3,1198,3.51,1.6300000000000001,0.9399999999999998,1,0,-1,0,1,0,2,2,0
gen9vgc2025regj-2483542395,5,1198,3.19,2.1799999999999997,0.5050000000000001,1,1,0,0,1,0,2,2,0
gen9vgc2025regj-2483542395,7,1198,3.41,0.62,1.395,1,2,1,0,1,0,2,1,0
gen9vgc2025regj-2483542395,9,1198,3.13,0.0,1.565,2,4,2,0,1,0,2,0,1
gen9vgc2025regj-2483540013,1,1056,2.0,2.0,0.0,1,0,-1,1,1,0,2,2,0
gen9vgc2025regj-2483540013,3,1056,1.98,3.0,-0.51,1,0,-1,1,1,0,2,2,0
gen9vgc2025regj-2483540013,5,1056,2.77,4.3100000000000005,-0.7700000000000002,1,0,-1,1,1,0,2,2,0
gen9vgc2025regj-2483540013,7,1056,2.2800000000000002,3.65,-0.6849999999999998,1,1,0,1,1,0,2,2,0
gen9vgc2025regj-2483540013,9,1056,2.0,3.8899999999999997,-0.9449999999999998,1,1,0,0,1,1,2,2,0
gen9vgc2025regj-2483540013,11,1056,2.7199999999999998,3.49,-0.38500000000000023,1,2,1,0,1,1,2,2,0
gen9vgc2025regj-2483540013,13,1056,2.17,2.81,-0.32000000000000006,1,3,2,0,1,0,2,1,0
gen9vgc2025regj-2483540013,15,1056,1.87,2.1,-0.11499999999999999,1,3,2,0,1,1,2,1,0
gen9vgc2025regj-2483539946,1,1013,0.97,1.76,-0.395,0,0,0,0,0,0,2,2,0
gen9vgc2025regj-2483539946,3,1013,1.57,3.0999999999999996,-0.7649999999999998,0,0,0,1,0,0,2,2,0
gen9vgc2025regj-2483539946,5,1013,1.28,2.01,-0.3649999999999999,0,1,1,1,0,0,2,2,0
gen9vgc2025regj-2483539946,7,1013,1.01,1.21,-0.09999999999999998,1,2,1,0,0,0,1,2,0
gen9vgc2025regj-2483539946,9,1013,1.01,0.34,0.33499999999999996,1,3,2,0,0,0,1,1,0
gen9vgc2025regj-2483539264,1,1022,3.0,2.0,0.5,0,0,0,0,1,1,2,2,0
gen9vgc2025regj-2483539264,3,1022,3.62,1.75,0.935,0,1,1,0,1,1,2,2,0
gen9vgc2025regj-2483539264,5,1022,4.53,0.0,2.265,0,4,4,0,1,1,2,0,1
gen9vgc2025regj-2483536974,1,1052,2.59,3.0,-0.20500000000000007,0,1,1,0,1,0,2,2,0
gen9vgc2025regj-2483536974,3,1052,3.96,4.0,-0.020000000000000018,0,1,1,1,1,0,2,2,0
gen9vgc2025regj-2483536974,5,1052,3.0,3.64,-0.32000000000000006,2,1,-1,1,1,0,2,2,0
gen9vgc2025regj-2483536919,1,1070,3.6100000000000003,2.71,0.4500000000000002,0,0,0,0,0,0,2,2,0
gen9vgc2025regj-2483536919,3,1070,3.09,2.9499999999999997,0.07000000000000006,0,0,0,0,0,0,2,2,0
gen9vgc2025regj-2483536919,5,1070,2.9699999999999998,3.57,-0.30000000000000004,0,1,1,0,0,0,2,2,0
gen9vgc2025regj-2483536919,7,1070,3.04,3.55,-0.2549999999999999,1,2,1,0,0,0,2,2,0
gen9vgc2025regj-2483536919,9,1070,4.140000000000001,3.25,0.4450000000000003,2,2,0,1,0,0,2,2,0
gen9vgc2025regj-2483536919,11,1070,5.09,2.35,1.3699999999999999,2,3,1,1,0,0,2,1,0
gen9vgc2025regj-2483536100,1,1082,2.0,2.0,0.0,0,0,0,1,0,0,2,2,0
gen9vgc2025regj-2483536100,3,1082,3.0,1.45,0.775,0,0,0,1,0,0,2,2,0
gen9vgc2025regj-2483536100,5,1082,1.57,1.16,0.20500000000000007,0,2,2,1,1,0,2,2,0
gen9vgc2025regj-2483519303,1,1273,1.31,2.36,-0.5249999999999999,0,0,0,0,0,0,2,2,0
gen9vgc2025regj-2483519303,3,1273,1.6099999999999999,2.84,-0.615,1,0,-1,0,0,0,2,2,0
gen9vgc2025regj-2483519303,5,1273,1.0,2.41,-0.7050000000000001,3,1,-2,1,0,0,1,2,0
gen9vgc2025regj-2483519303,7,1273,0.0,2.41,-1.205,4,1,-3,1,0,0,0,2,0
gen9vgc2025regj-2483517727,1,1075,2.0,2.0,0.0,0,0,0,1,0,0,2,2,0
gen9vgc2025regj-2483517727,3,1075,1.4,3.23,-0.915,0,1,1,1,0,0,2,2,0
gen9vgc2025regj-2483516380,1,1294,2.0,0.8899999999999999,0.555,1,0,-1,1,1,0,2,2,0
gen9vgc2025regj-2483516380,3,1294,2.0,0.77,0.615,2,1,-1,1,1,0,2,2,0
gen9vgc2025regj-2483516380,5,1294,0.14,2.1,-0.98,3,1,-2,1,1,0,1,2,0
gen9vgc2025regj-2483516380,7,1294,0.0,2.1,-1.05,4,1,-3,1,1,0,0,2,0
gen9vgc2025regj-2483516282,1,1065,1.95,2.0,-0.025000000000000022,0,0,0,0,0,0,2,2,0
gen9vgc2025regj-2483516282,3,1065,2.17,3.95,-0.8900000000000001,0,1,1,0,0,0,2,2,0
gen9vgc2025regj-2483516282,5,1065,1.56,4.359999999999999,-1.3999999999999997,1,2,1,0,0,0,2,2,0
gen9vgc2025regj-2483516282,7,1065,2.44,4.0,-0.78,2,4,2,0,0,0,2,2,1
gen9vgc2025regj-2483515628,1,1316,3.49,3.0,0.2450000000000001,0,0,0,0,0,1,2,2,0
gen9vgc2025regj-2483515628,3,1316,4.57,3.83,0.3700000000000001,1,1,0,1,1,1,2,1,0
gen9vgc2025regj-2483515393,1,1423,2.0,1.98,0.010000000000000009,0,1,1,0,0,0,2,2,0
gen9vgc2025regj-2483515393,3,1423,3.12,2.06,0.53,0,1,1,0,0,0,2,2,0
gen9vgc2025regj-2483515393,5,1423,3.0,1.99,0.505,1,2,1,0,0,0,2,2,0
gen9vgc2025regj-2483515393,7,1423,2.74,0.55,1.0950000000000002,3,3,0,0,0,0,2,1,0
gen9vgc2025regj-2483515393,9,1423,2.4,0.39,1.005,3,3,0,0,0,0,2,1,0
gen9vgc2025regj-2483515393,11,1423,2.4,0.0,1.2,3,4,1,0,0,0,2,0,1
gen9vgc2025regj-2483515066,1,1058,2.0,2.0,0.0,0,0,0,0,0,0,2,2,0
gen9vgc2025regj-2483515066,3,1058,3.58,1.9300000000000002,0.825,0,0,0,0,0,0,2,2,0
gen9vgc2025regj-2483515066,5,1058,5.5,1.53,1.9849999999999999,1,0,-1,0,0,0,2,2,0
gen9vgc2025regj-2483515066,7,1058,6.03,3.87,1.08,1,0,-1,0,0,0,2,2,0
gen9vgc2025regj-2483514992,1,1099,1.56,1.49,0.03500000000000003,0,0,0,0,0,0,2,2,0
gen9vgc2025regj-2483514992,3,1099,2.68,1.95,0.3650000000000001,0,1,1,0,1,1,2,2,0
gen9vgc2025regj-2483514992,5,1099,1.33,2.0700000000000003,-0.3700000000000001,1,1,0,0,1,1,2,2,0
gen9vgc2025regj-2483514992,7,1099,1.6800000000000002,2.6500000000000004,-0.4850000000000001,2,1,-1,0,1,0,2,2,0
gen9vgc2025regj-2483514684,1,1085,2.0,2.0,0.0,0,0,0,0,1,0,2,2,0
gen9vgc2025regj-2483514684,3,1085,1.22,3.0,-0.89,0,1,1,0,1,1,2,2,0
gen9vgc2025regj-2483514684,5,1085,2.0,3.21,-0.605,2,1,-1,0,1,1,2,2,0
gen9vgc2025regj-2483514684,7,1085,2.66,4.01,-0.6749999999999998,2,3,1,0,1,0,2,2,0
gen9vgc2025regj-2483514366,1,1442,1.1400000000000001,3.19,-1.025,0,0,0,0,0,0,2,2,0
gen9vgc2025regj-2483514366,3,1442,2.0,2.47,-0.2350000000000001,2,0,-2,0,0,0,2,2,0
gen9vgc2025regj-2483514366,5,1442,2.0,4.0,-1.0,2,2,0,0,0,0,2,2,0
gen9vgc2025regj-2483514366,7,1442,1.75,3.0,-0.625,2,3,1,0,0,0,2,1,0
gen9vgc2025regj-2483514267,1,1278,2.0,2.0,0.0,0,0,0,1,1,1,2,2,0
gen9vgc2025regj-2483514267,3,1278,3.02,2.0,0.51,0,2,2,1,1,1,2,2,0
gen9vgc2025regj-2483514267,5,1278,3.71,3.23,0.24,1,2,1,0,1,0,2,2,0
gen9vgc2025regj-2483514267,7,1278,4.0,2.54,0.73,1,3,2,0,1,1,2,2,0
gen9vgc2025regj-2483514267,9,1278,3.81,2.0,0.905,1,4,3,0,1,1,2,2,1
gen9vgc2025regj-2483513866,1,1326,1.81,2.46,-0.32499999999999996,0,0,0,1,1,0,2,2,0
gen9vgc2025regj-2483513866,3,1326,1.57,4.0,-1.2149999999999999,0,2,2,1,1,0,2,2,0
gen9vgc2025regj-2483513866,5,1326,2.0,4.0,-1.0,2,2,0,1,1,0,2,2,0
gen9vgc2025regj-2483513797,1,1269,1.8399999999999999,1.8599999999999999,-0.010000000000000009,0,0,0,0,0,0,2,2,0
gen9vgc2025regj-2483513797,3,1269,2.84,2.7,0.06999999999999984,1,0,-1,1,0,0,2,2,0
gen9vgc2025regj-2483513782,1,1388,1.95,3.0,-0.525,1,0,-1,1,0,0,2,2,0
gen9vgc2025regj-2483513782,3,1388,2.79,3.69,-0.44999999999999996,1,2,1,1,0,0,2,2,0
gen9vgc2025regj-2483513782,5,1388,0.9,2.17,-0.635,3,3,0,0,0,0,1,2,0
gen9vgc2025regj-2483513377,1,1306,2.0,2.9699999999999998,-0.4849999999999999,0,0,0,0,1,1,2,2,0
gen9vgc2025regj-2483513377,3,1306,4.37,2.95,0.71,0,0,0,0,1,1,2,2,0
gen9vgc2025regj-2483513377,5,1306,4.0,2.71,0.645,2,1,-1,0,1,0,2,2,0
gen9vgc2025regj-2483513377,7,1306,4.32,3.0,0.6600000000000001,2,4,2,0,1,0,2,2,1
gen9vgc2025regj-2483488828,1,1124,3.0,2.65,0.17500000000000004,1,0,-1,0,1,0,2,2,0
gen9vgc2025regj-2483488828,3,1124,3.0,3.4499999999999997,-0.22499999999999987,2,0,-2,0,1,0,2,2,0
gen9vgc2025regj-2483488828,5,1124,2.88,2.9999999999999996,-0.05999999999999983,3,0,-3,0,1,0,1,2,0
gen9vgc2025regj-2483486503,1,1118,2.01,1.9100000000000001,0.04999999999999982,0,0,0,0,1,0,2,2,0
gen9vgc2025regj-2483486503,3,1118,2.75,1.83,0.45999999999999996,1,1,0,0,1,0,2,2,0
gen9vgc2025regj-2483486503,5,1118,2.5300000000000002,1.6800000000000002,0.42500000000000004,1,2,1,0,1,0,2,2,0
gen9vgc2025regj-2483486503,7,1118,2.5300000000000002,1.6800000000000002,0.42500000000000004,1,2,1,0,1,0,2,2,1
gen9vgc2025regj-2483484525,1,1096,2.0,2.0,0.0,0,0,0,1,0,0,2,2,0
gen9vgc2025regj-2483484525,3,1096,3.6900000000000004,1.26,1.2150000000000003,0,0,0,1,1,0,2,2,0
gen9vgc2025regj-2483484525,5,1096,3.93,1.03,1.4500000000000002,1,0,-1,0,1,0,2,2,0
gen9vgc2025regj-2483484525,7,1096,3.09,2.0,0.5449999999999999,2,2,0,0,1,0,2,2,0
gen9vgc2025regj-2483484525,9,1096,2.25,2.57,-0.15999999999999992,2,2,0,0,1,0,2,2,0
gen9vgc2025regj-2483483511,1,1123,2.0,0.28,0.86,0,0,0,0,0,0,2,2,0
gen9vgc2025regj-2483483511,3,1123,3.46,2.0,0.73,0,3,3,0,0,0,2,2,0
gen9vgc2025regj-2483483511,5,1123,3.06,2.05,0.5050000000000001,0,3,3,0,0,0,2,2,1
gen9vgc2025regj-2483481198,1,1109,1.6800000000000002,2.0,-0.15999999999999992,0,1,1,0,1,0,2,2,0
gen9vgc2025regj-2483481198,3,1109,1.63,3.0,-0.685,2,2,0,1,1,0,2,2,0
gen9vgc2025regj-2483481198,5,1109,0.26,2.41,-1.0750000000000002,3,3,0,1,1,0,1,2,0
gen9vgc2025regj-2483479879,1,1101,2.87,1.8900000000000001,0.49,0,0,0,1,0,0,2,2,0
gen9vgc2025regj-2483479879,3,1101,4.55,1.53,1.5099999999999998,1,2,1,1,0,0,2,2,0
gen9vgc2025regj-2483479879,5,1101,4.45,0.23,2.11,1,3,2,1,0,0,2,1,1
gen9vgc2025regj-2483479678,1,1115,1.58,2.0,-0.20999999999999996,0,1,1,1,0,0,2,2,0
gen9vgc2025regj-2483479678,3,1115,2.0,1.48,0.26,2,1,-1,1,0,0,2,2,0
gen9vgc2025regj-2483479678,5,1115,1.3599999999999999,1.0,0.17999999999999994,2,4,2,1,0,0,2,1,1
gen9vgc2025regj-2483479156,1,1078,2.4,3.0,-0.30000000000000004,0,0,0,0,1,0,2,2,0
gen9vgc2025regj-2483479156,3,1078,1.9100000000000001,1.8399999999999999,0.03500000000000014,2,2,0,1,1,0,2,2,0
gen9vgc2025regj-2483479156,5,1078,1.72,0.84,0.44,2,3,1,1,1,0,2,1,1
gen9vgc2025regj-2483477828,1,1431,2.0,1.88,0.06000000000000005,0,0,0,1,0,0,2,2,0
gen9vgc2025regj-2483477828,3,1431,2.49,2.4499999999999997,0.02000000000000024,2,1,-1,1,0,0,2,2,0
gen9vgc2025regj-2483477828,5,1431,1.32,2.0,-0.33999999999999997,3,3,0,0,0,0,1,2,0
gen9vgc2025regj-2483468517,1,1074,2.0,0.64,0.6799999999999999,0,0,0,0,0,0,2,2,0
gen9vgc2025regj-2483468517,3,1074,3.62,2.0,0.81,1,2,1,0,1,0,2,2,0
gen9vgc2025regj-2483468376,1,1103,3.8600000000000003,2.0,0.9300000000000002,0,1,1,0,1,0,2,2,0
gen9vgc2025regj-2483468376,3,1103,2.61,1.28,0.6649999999999999,1,1,0,0,1,0,2,2,0
gen9vgc2025regj-2483468376,5,1103,2.37,2.0,0.18500000000000005,2,2,0,1,1,0,2,2,0
gen9vgc2025regj-2483468376,7,1103,1.46,0.28,0.59,2,3,1,1,1,0,2,1,0
gen9vgc2025regj-2483469025,1,1253,1.37,1.5,-0.06499999999999995,0,0,0,0,1,0,2,2,0
gen9vgc2025regj-2483469025,3,1253,3.0,0.82,1.09,2,1,-1,1,1,0,2,2,0
gen9vgc2025regj-2483469025,5,1253,2.2399999999999998,0.58,0.8299999999999998,2,3,1,1,1,0,2,1,0
gen9vgc2025regj-2483468761,1,1372,2.87,2.64,0.11499999999999999,0,0,0,0,1,0,2,2,0
gen9vgc2025regj-2483468761,3,1372,2.01,3.9699999999999998,-0.98,1,2,1,0,1,0,2,2,0
gen9vgc2025regj-2483468761,5,1372,2.0,3.93,-0.9650000000000001,3,2,-1,0,1,0,2,2,0
gen9vgc2025regj-2483468352,1,1090,3.0,3.0,0.0,1,0,-1,0,1,0,2,2,0
gen9vgc2025regj-2483468352,3,1090,3.0,3.0,0.0,2,2,0,0,1,0,2,2,0
gen9vgc2025regj-2483468352,5,1090,3.0,3.0,0.0,3,2,-1,0,1,0,2,2,0
gen9vgc2025regj-2483468172,1,1427,2.0,2.0,0.0,0,0,0,0,0,0,2,2,0
gen9vgc2025regj-2483468172,3,1427,2.7199999999999998,3.0,-0.14000000000000012,0,1,1,1,0,0,2,2,0
gen9vgc2025regj-2483468172,5,1427,3.65,1.0,1.325,2,3,1,1,1,0,2,0,1
gen9vgc2025regj-2483451551,1,1420,2.0,1.92,0.040000000000000036,0,0,0,0,1,0,2,2,0
gen9vgc2025regj-2483451551,3,1420,3.04,1.6,0.72,0,1,1,0,1,0,2,2,0
gen9vgc2025regj-2483451551,5,1420,3.0,2.07,0.4650000000000001,2,1,-1,0,1,0,2,2,0
gen9vgc2025regj-2483451551,7,1420,3.0,1.67,0.665,3,2,-1,0,1,0,2,2,0
gen9vgc2025regj-2483451551,9,1420,2.74,0.67,1.0350000000000001,3,3,0,0,1,0,2,1,0
gen9vgc2025regj-2483451551,11,1420,2.2,0.2,1.0,3,3,0,0,1,0,2,1,0
gen9vgc2025regj-2483449896,1,1040,2.0,2.0,0.0,0,0,0,1,0,0,2,2,0
gen9vgc2025regj-2483449896,3,1040,2.4,2.58,-0.09000000000000008,0,0,0,1,0,0,2,2,0
gen9vgc2025regj-2483449896,5,1040,2.62,3.2800000000000002,-0.33000000000000007,1,0,-1,0,1,0,2,2,0
gen9vgc2025regj-2483449896,7,1040,1.85,1.34,0.255,1,2,1,0,1,0,2,2,0
gen9vgc2025regj-2483449896,9,1040,1.49,0.0,0.745,2,4,2,0,1,0,1,0,1
gen9vgc2025regj-2483450071,1,1069,3.0,3.0,0.0,2,1,-1,0,1,0,2,2,0
gen9vgc2025regj-2483450071,3,1069,3.16,1.86,0.65,2,1,-1,0,1,1,2,2,0
gen9vgc2025regj-2483449367,1,1204,2.0,2.0300000000000002,-0.015000000000000124,0,0,0,1,0,0,2,2,0
gen9vgc2025regj-2483449367,3,1204,3.42,1.29,1.065,0,0,0,1,0,0,2,2,0
gen9vgc2025regj-2483449367,5,1204,2.0,1.35,0.32499999999999996,3,1,-2,1,0,0,1,2,0
gen9vgc2025regj-2483449367,7,1204,1.9100000000000001,2.31,-0.19999999999999996,3,1,-2,1,0,0,1,2,0
gen9vgc2025regj-2483449473,1,1120,2.0,2.88,-0.43999999999999995,0,0,0,0,1,1,2,2,0
gen9vgc2025regj-2483449473,3,1120,3.56,3.03,0.2650000000000001,1,0,-1,1,1,1,2,2,0
gen9vgc2025regj-2483449473,5,1120,1.8,3.71,-0.955,3,1,-2,1,1,0,1,2,0
gen9vgc2025regj-2483449473,7,1120,1.0,3.07,-1.035,4,2,-2,0,1,0,0,2,0
gen9vgc2025regj-2483450014,1,1430,2.0,1.97,0.015000000000000013,0,0,0,0,0,0,2,2,0
gen9vgc2025regj-2483450014,3,1430,1.79,2.6,-0.405,0,0,0,0,0,0,2,2,0
gen9vgc2025regj-2483449837,1,1494,2.45,1.48,0.4850000000000001,0,0,0,1,0,0,2,2,0
gen9vgc2025regj-2483449837,3,1494,2.79,2.01,0.3900000000000001,2,2,0,1,0,0,2,2,0
gen9vgc2025regj-2483449837,5,1494,1.52,2.01,-0.24499999999999988,3,3,0,0,0,0,1,2,0
gen9vgc2025regj-2483448867,1,1232,1.01,3.22,-1.105,1,0,-1,1,1,0,2,2,0
gen9vgc2025regj-2483448867,3,1232,1.0,2.82,-0.9099999999999999,3,1,-2,1,1,0,1,2,0
gen9vgc2025regj-2483448867,5,1232,0.87,2.62,-0.875,3,1,-2,1,1,0,1,2,0
gen9vgc2025regj-2483448181,1,1099,2.0,2.0,0.0,0,0,0,1,0,0,2,2,0
gen9vgc2025regj-2483448181,3,1099,1.0,3.0,-1.0,3,0,-3,1,1,0,0,2,0
gen9vgc2025regj-2483450041,1,1122,2.39,1.01,0.6900000000000001,1,0,-1,0,0,1,2,2,0
gen9vgc2025regj-2483450041,3,1122,2.23,1.42,0.405,1,2,1,0,1,1,2,2,0
gen9vgc2025regj-2483450041,5,1122,2.0700000000000003,1.0,0.5350000000000001,1,4,3,0,1,1,2,1,1
gen9vgc2025regj-2483447819,1,1105,2.0,3.0,-0.5,0,1,1,0,0,0,2,2,0
gen9vgc2025regj-2483447819,3,1105,3.0,2.49,0.2549999999999999,2,2,0,0,0,1,2,2,0
gen9vgc2025regj-2483447624,1,1429,2.42,2.91,-0.2450000000000001,1,0,-1,0,0,1,2,2,0
gen9vgc2025regj-2483447624,3,1429,2.8200000000000003,3.79,-0.4849999999999999,1,0,-1,0,1,1,2,2,0
gen9vgc2025regj-2483447615,1,1466,0.30000000000000004,3.0,-1.35,0,1,1,1,0,0,2,2,0
gen9vgc2025regj-2483447615,3,1466,2.62,2.55,0.03500000000000014,2,2,0,1,0,0,2,2,0
gen9vgc2025regj-2483447615,5,1466,2.19,1.38,0.405,3,3,0,0,0,0,2,2,0
gen9vgc2025regj-2483447103,1,1063,0.97,3.92,-1.475,0,0,0,1,0,0,2,2,0
gen9vgc2025regj-2483447103,3,1063,2.0,4.0,-1.0,1,2,1,1,0,0,2,2,0
gen9vgc2025regj-2483447103,5,1063,2.13,3.0,-0.43500000000000005,1,3,2,0,0,0,2,1,0
gen9vgc2025regj-2483446936,1,1040,4.0,1.79,1.105,2,0,-2,1,1,0,2,2,0
gen9vgc2025regj-2483446936,3,1040,4.0,1.0,1.5,4,1,-3,1,1,0,2,1,0
gen9vgc2025regj-2483424371,1,1129,3.0,2.0,0.5,0,1,1,1,1,1,2,2,0
gen9vgc2025regj-2483424371,3,1129,2.61,1.66,0.475,0,1,1,1,1,1,2,2,0
gen9vgc2025regj-2483424371,5,1129,2.13,2.49,-0.18000000000000016,0,2,2,1,1,0,2,2,0
gen9vgc2025regj-2483424008,1,1380,2.45,2.37,0.040000000000000036,1,0,-1,0,0,0,2,2,0
gen9vgc2025regj-2483424008,3,1380,3.45,3.0,0.2250000000000001,1,2,1,1,0,0,2,2,0
gen9vgc2025regj-2483424008,5,1380,1.0,1.27,-0.135,4,2,-2,1,0,0,1,2,0
gen9vgc2025regj-2483423828,1,1422,2.0,3.0,-0.5,0,0,0,0,1,0,2,2,0
gen9vgc2025regj-2483423828,3,1422,3.0,3.64,-0.32000000000000006,0,0,0,0,1,0,2,2,0
gen9vgc2025regj-2483423828,5,1422,2.17,4.0,-0.915,0,1,1,0,1,0,2,2,0
gen9vgc2025regj-2483423828,7,1422,3.0,4.0,-0.5,1,1,0,0,1,0,2,2,0
gen9vgc2025regj-2483423377,1,1144,2.4499999999999997,2.0,0.22499999999999987,0,0,0,0,1,1,2,2,0
gen9vgc2025regj-2483423377,3,1144,2.98,4.23,-0.6250000000000002,1,0,-1,0,1,1,2,2,0
gen9vgc2025regj-2483423377,5,1144,3.7199999999999998,3.81,-0.04500000000000015,1,1,0,0,1,0,2,2,0
gen9vgc2025regj-2483423377,7,1144,2.0,3.74,-0.8700000000000001,3,1,-2,0,1,0,2,2,0
gen9vgc2025regj-2483422332,1,1299,2.88,3.0,-0.06000000000000005,0,0,0,0,1,0,2,2,0
gen9vgc2025regj-2483422332,3,1299,3.79,2.96,0.41500000000000004,1,0,-1,0,1,1,2,2,0
gen9vgc2025regj-2483422332,5,1299,3.48,4.0,-0.26,1,1,0,0,1,1,2,2,0
gen9vgc2025regj-2483422332,7,1299,3.2399999999999998,2.97,0.1349999999999998,1,1,0,0,1,0,2,2,0
gen9vgc2025regj-2483422332,9,1299,3.2800000000000002,3.1900000000000004,0.04499999999999993,2,1,-1,1,1,0,2,2,0
gen9vgc2025regj-2483422332,11,1299,2.9,3.1,-0.10000000000000009,3,1,-2,1,1,0,2,2,0
gen9vgc2025regj-2483422332,13,1299,2.65,3.1,-0.2250000000000001,3,1,-2,1,1,0,2,2,0
gen9vgc2025regj-2483422332,15,1299,2.0,3.1,-0.55,4,1,-3,0,1,0,1,2,0
gen9vgc2025regj-2483422915,1,1449,3.0,2.0,0.5,0,0,0,0,0,1,2,2,0
gen9vgc2025regj-2483422915,3,1449,2.45,1.6099999999999999,0.42000000000000015,1,0,-1,0,0,1,2,2,0
gen9vgc2025regj-2483422915,5,1449,3.0,2.61,0.19500000000000006,2,0,-2,1,0,1,2,2,0
gen9vgc2025regj-2483422582,1,1403,1.71,3.0,-0.645,0,1,1,1,0,1,2,2,0
gen9vgc2025regj-2483422582,3,1403,1.72,2.95,-0.6150000000000001,2,1,-1,1,0,1,1,2,0
gen9vgc2025regj-2483421903,1,1160,1.0,2.0,-0.5,1,1,0,0,1,0,1,2,1
gen9vgc2025regj-2483421651,1,1269,2.0,2.86,-0.42999999999999994,0,0,0,1,0,0,2,2,0
gen9vgc2025regj-2483421651,3,1269,2.22,3.94,-0.8599999999999999,0,2,2,1,0,0,2,2,0
gen9vgc2025regj-2483421651,5,1269,3.11,3.01,0.050000000000000044,1,2,1,0,1,0,2,2,0
gen9vgc2025regj-2483421651,7,1269,2.0,2.43,-0.21500000000000008,3,3,0,0,1,0,1,2,0
gen9vgc2025regj-2483421651,9,1269,1.0,2.18,-0.5900000000000001,4,3,-1,0,1,0,1,2,0
gen9vgc2025regj-2483421401,1,1095,1.9,2.0,-0.050000000000000044,0,0,0,1,1,0,2,2,0
gen9vgc2025regj-2483421401,3,1095,2.71,1.4700000000000002,0.6199999999999999,2,0,-2,1,1,0,2,2,0
gen9vgc2025regj-2483421401,5,1095,2.4,2.58,-0.09000000000000008,2,2,0,0,1,0,2,2,0
gen9vgc2025regj-2483421401,7,1095,2.27,2.0,0.135,2,3,1,0,1,0,2,1,1
gen9vgc2025regj-2483421093,1,1110,2.0,2.0,0.0,0,1,1,1,0,0,2,2,0
gen9vgc2025regj-2483421093,3,1110,0.33999999999999997,1.03,-0.34500000000000003,0,2,2,1,0,1,2,2,0
gen9vgc2025regj-2483421093,5,1110,1.0,0.93,0.034999999999999976,3,2,-1,0,0,1,1,2,0
gen9vgc2025regj-2483421093,7,1110,1.09,0.25,0.42000000000000004,3,3,0,0,0,0,1,1,0
gen9vgc2025regj-2483421025,1,1158,1.4,1.72,-0.16000000000000003,0,0,0,0,1,1,2,2,0
gen9vgc2025regj-2483421025,3,1158,3.68,3.29,0.19500000000000006,0,1,1,0,1,1,2,2,0
gen9vgc2025regj-2483421025,5,1158,3.52,3.74,-0.1100000000000001,0,1,1,0,1,0,2,2,0
gen9vgc2025regj-2483421025,7,1158,3.46,3.74,-0.14000000000000012,2,1,-1,1,1,0,2,2,0
gen9vgc2025regj-2483421025,9,1158,3.0,2.38,0.31000000000000005,4,2,-2,1,1,0,1,2,0
gen9vgc2025regj-2483421645,1,1461,2.0,1.01,0.495,0,0,0,1,0,0,2,2,0
gen9vgc2025regj-2483421645,3,1461,1.99,2.38,-0.19499999999999995,0,0,0,1,0,0,2,2,0
gen9vgc2025regj-2483421645,5,1461,3.0,2.4899999999999998,0.2550000000000001,2,1,-1,1,0,0,2,2,0
gen9vgc2025regj-2483421645,7,1461,3.01,3.37,-0.18000000000000016,2,2,0,1,0,0,2,2,1
gen9vgc2025regj-2483420489,1,1420,2.0,1.8199999999999998,0.09000000000000008,0,0,0,0,1,0,2,2,0
gen9vgc2025regj-2483420489,3,1420,3.79,2.53,0.6300000000000001,0,1,1,0,1,0,2,2,0
gen9vgc2025regj-2483420489,5,1420,2.92,1.75,0.585,1,2,1,0,1,0,2,2,0
gen9vgc2025regj-2483420489,7,1420,1.72,1.75,-0.015000000000000013,3,3,0,0,1,0,1,2,0
gen9vgc2025regj-2483420489,9,1420,1.22,1.0,0.10999999999999999,3,4,1,0,1,0,1,1,1
gen9vgc2025regj-2483420299,1,1095,2.0,0.8200000000000001,0.59,0,0,0,0,1,0,2,2,0
